catalog,category,weight,tp_1,tp_2,mrp_old,final_mrp_old,ajio_mrp,amazon_mrp,amazon_fba_mrp,qty,amount
Moments,Kurta,0.3,538,435.78,2178,2295,2295,2295,2295,1,256.65
Moments,Kurta,0.3,538,435.78,2178,2295,2295,2295,2295,1,19.77
Moments,Kurta,0.3,538,435.78,2178,2295,2295,2295,2295,1,475.66
Moments,Kurta,0.3,538,435.78,2178,2295,2295,2295,2295,1,335.84
Moments,Kurta,0.3,538,435.78,2178,2295,2295,2295,2295,1,370.79
Moments,Kurta,0.3,538,435.78,2178,2295,2295,2295,2295,1,25.9
Moments,Kurta,0.3,538,435.78,2178,2295,2295,2295,2295,1,226.77
Moments,Kurta,0.3,538,435.78,2178,2295,2295,2295,2295,1,22.26
Moments,Kurta,0.3,538,435.78,2178,2295,2295,2295,2295,1,12.94
Moments,Kurta,0.3,538,435.78,2178,2295,2295,2295,2295,1,447.12
Moments,Kurta,0.3,538,435.78,2178,2295,2295,2295,2295,1,122.29
Moments,Kurta,0.3,538,435.78,2178,2295,2295,2295,2295,1,487.7
Moments,Kurta,0.3,538,435.78,2178,2295,2295,2295,2295,1,425.43
Moments,Kurta,0.3,538,435.78,2178,2295,2295,2295,2295,1,418.64
Moments,Kurta,0.3,538,435.78,2178,2295,2295,2295,2295,1,453.08
Moments,Kurta,0.3,538,435.78,2178,2295,2295,2295,2295,1,187.68
Moments,Kurta,0.3,538,435.78,2178,2295,2295,2295,2295,1,438.61
Moments,Kurta,0.3,538,435.78,2178,2295,2295,2295,2295,1,208.81
Moments,Kurta,0.3,538,435.78,2178,2295,2295,2295,2295,1,495.72
Moments,Kurta,0.3,538,435.78,2178,2295,2295,2295,2295,1,88.82
Moments,Kurta,0.3,538,435.78,2178,2295,2295,2295,2295,1,285.38
Moments,Kurta,0.3,538,435.78,2178,2295,2295,2295,2295,1,181.35
Moments,Kurta,0.3,538,435.78,2178,2295,2295,2295,2295,1,80.23
Moments,Kurta,0.3,538,435.78,2178,2295,2295,2295,2295,1,482.02
Moments,Kurta,0.3,538,435.78,2178,2295,2295,2295,2295,1,141.09
Moments,Kurta,0.3,538,435.78,2178,2295,2295,2295,2295,1,487.69
Moments,Kurta,0.3,538,435.78,2178,2295,2295,2295,2295,1,428.84
Moments,Kurta,0.3,538,435.78,2178,2295,2295,2295,2295,1,430.02
Moments,Kurta,0.3,538,435.78,2178,2295,2295,2295,2295,1,376.66
Moments,Kurta,0.3,538,435.78,2178,2295,2295,2295,2295,1,390.06
Moments,Kurta,0.3,538,435.78,2178,2295,2295,2295,2295,1,49.36
Moments,Kurta,0.3,538,435.78,2178,2295,2295,2295,2295,1,110.01
Moments,Kurta,0.3,538,435.78,2178,2295,2295,2295,2295,1,494.18
Moments,Kurta,0.3,538,435.78,2178,2295,2295,2295,2295,1,302.53
Moments,Kurta,0.3,538,435.78,2178,2295,2295,2295,2295,1,467.63
Moments,Kurta,0.3,538,435.78,2178,2295,2295,2295,2295,1,296.92
Colors-8,Kurta,0.3,438,354.78,1778,1895,1895,1895,1895,1,17.97
Colors-8,Kurta,0.3,438,354.78,1778,1895,1895,1895,1895,1,218.45
Colors-8,Kurta,0.3,438,354.78,1778,1895,1895,1895,1895,1,467.43
Colors-8,Kurta,0.3,438,354.78,1778,1895,1895,1895,1895,1,344.27
Colors-8,Kurta,0.3,438,354.78,1778,1895,1895,1895,1895,1,194.42
Colors-8,Kurta,0.3,438,354.78,1778,1895,1895,1895,1895,1,408.2
Colors-8,Kurta,0.3,438,354.78,1778,1895,1895,1895,1895,1,131.41
Colors-8,Kurta,0.3,438,354.78,1778,1895,1895,1895,1895,1,250.86
Colors-8,Kurta,0.3,438,354.78,1778,1895,1895,1895,1895,1,174.42
Colors-8,Kurta,0.3,438,354.78,1778,1895,1895,1895,1895,1,263.88
Colors-8,Kurta,0.3,438,354.78,1778,1895,1895,1895,1895,1,329.24
Colors-8,Kurta,0.3,438,354.78,1778,1895,1895,1895,1895,1,48.61
Colors-8,Kurta,0.3,438,354.78,1895,1895,1895,1895,1895,1,142.27
Colors-8,Kurta,0.3,438,354.78,1895,1895,1895,1895,1895,1,145.02
Colors-8,Kurta,0.3,438,354.78,1895,1895,1895,1895,1895,1,290.08
Colors-8,Kurta,0.3,438,354.78,1895,1895,1895,1895,1895,1,27.71
Colors-8,Kurta,0.3,438,354.78,1895,1895,1895,1895,1895,1,242.46
Colors-8,Kurta,0.3,438,354.78,1895,1895,1895,1895,1895,1,371.66
Colors-8,Kurta,0.3,438,354.78,1778,1895,1895,1895,1895,1,168.69
Colors-8,Kurta,0.3,438,354.78,1778,1895,1895,1895,1895,1,25.8
Colors-8,Kurta,0.3,438,354.78,1778,1895,1895,1895,1895,1,460.36
Colors-8,Kurta,0.3,438,354.78,1778,1895,1895,1895,1895,1,200.73
Colors-8,Kurta,0.3,438,354.78,1778,1895,1895,1895,1895,1,297.08
Colors-8,Kurta,0.3,438,354.78,1778,1895,1895,1895,1895,1,241.17
Colors-8,Kurta,0.3,438,354.78,1778,1895,1895,1895,1895,1,252.54
Colors-8,Kurta,0.3,438,354.78,1778,1895,1895,1895,1895,1,294.51
Colors-8,Kurta,0.3,438,354.78,1778,1895,1895,1895,1895,1,437.25
Colors-8,Kurta,0.3,438,354.78,1778,1895,1895,1895,1895,1,293.39
Colors-8,Kurta,0.3,438,354.78,1778,1895,1895,1895,1895,1,397.51
Colors-8,Kurta,0.3,438,354.78,1778,1895,1895,1895,1895,1,54.82
Colors-8,Kurta,0.3,438,354.78,1778,1895,1895,1895,1895,1,414.88
Colors-8,Kurta,0.3,438,354.78,1778,1895,1895,1895,1895,1,426.43
Colors-8,Kurta,0.3,438,354.78,1778,1895,1895,1895,1895,1,329.0
Colors-8,Kurta,0.3,438,354.78,1778,1895,1895,1895,1895,1,413.11
Colors-8,Kurta,0.3,438,354.78,1778,1895,1895,1895,1895,1,175.96
Colors-8,Kurta,0.3,438,354.78,1778,1895,1895,1895,1895,1,105.85
Colors-8,Kurta,0.3,438,354.78,1895,254,1895,1895,1895,1,338.96
Colors-8,Kurta,0.3,438,354.78,1895,1895,1895,1895,1895,1,329.64
Colors-8,Kurta,0.3,438,354.78,1895,1895,1895,1895,1895,1,239.01
Colors-8,Kurta,0.3,438,354.78,1895,1895,1895,1895,1895,1,416.79
Colors-8,Kurta,0.3,438,354.78,1895,1895,1895,1895,1895,1,171.74
Colors-8,Kurta,0.3,438,354.78,1895,1895,1895,1895,1895,1,54.29
Colors-8,Kurta,0.3,438,354.78,1778,1895,1895,1895,1895,1,266.79
Colors-8,Kurta,0.3,438,354.78,1778,1895,1895,1895,1895,1,25.56
Colors-8,Kurta,0.3,438,354.78,1778,1895,1895,1895,1895,1,102.9
Colors-8,Kurta,0.3,438,354.78,1778,1895,1895,1895,1895,1,25.46
Colors-8,Kurta,0.3,438,354.78,1778,1895,1895,1895,1895,1,107.96
Colors-8,Kurta,0.3,438,354.78,1778,1895,1895,1895,1895,1,245.4
Breeze-4,Kurta,0.3,505,409.05,2038,2195,2195,2195,2195,1,203.85
Breeze-4,Kurta,0.3,505,409.05,2038,2195,2195,2195,2195,1,36.85
Breeze-4,Kurta,0.3,505,409.05,2038,2195,2195,2195,2195,1,302.94
Breeze-4,Kurta,0.3,505,409.05,2038,2195,2195,2195,2195,1,385.51
Breeze-4,Kurta,0.3,505,409.05,2038,2195,2195,2195,2195,1,458.91
Breeze-4,Kurta,0.3,505,409.05,2038,2195,2195,2195,2195,1,27.85
Breeze-4,Kurta,0.3,505,409.05,2038,2195,2195,2195,2195,1,163.53
Breeze-4,Kurta,0.3,505,409.05,2038,2195,2195,2195,2195,1,342.8
Breeze-4,Kurta,0.3,505,409.05,2038,2195,2195,2195,2195,1,131.96
Breeze-4,Kurta,0.3,505,409.05,2038,2195,2195,2195,2195,1,383.94
Breeze-4,Kurta,0.3,505,409.05,2038,2195,2195,2195,2195,1,280.63
Breeze-4,Kurta,0.3,505,409.05,2038,2195,2195,2195,2195,1,143.41
Breeze-4,Kurta,0.3,505,409.05,2038,2195,2195,2195,2195,1,159.57
Breeze-4,Kurta,0.3,505,409.05,2038,2195,2195,2195,2195,1,479.27
Breeze-4,Kurta,0.3,505,409.05,2038,2195,2195,2195,2195,1,410.81
Breeze-4,Kurta,0.3,505,409.05,2038,2195,2195,2195,2195,1,418.37
Breeze-4,Kurta,0.3,505,409.05,2038,2195,2195,2195,2195,1,198.35
Breeze-4,Kurta,0.3,505,409.05,2038,2195,2195,2195,2195,1,366.49
Breeze-4,Kurta,0.3,505,409.05,2038,2195,2195,2195,2195,1,347.95
Breeze-4,Kurta,0.3,505,409.05,2038,2195,2195,2195,2195,1,46.5
Breeze-4,Kurta,0.3,505,409.05,2038,2195,2195,2195,2195,1,474.06
Breeze-4,Kurta,0.3,505,409.05,2038,2195,2195,2195,2195,1,143.57
Breeze-4,Kurta,0.3,505,409.05,2038,2195,2195,2195,2195,1,227.5
Breeze-4,Kurta,0.3,505,409.05,2038,2195,2195,2195,2195,1,194.39
Breeze-4,Kurta,0.3,505,409.05,2038,2195,2195,2195,2195,1,383.25
Breeze-4,Kurta,0.3,505,409.05,2038,2195,2195,2195,2195,1,138.43
Breeze-4,Kurta,0.3,505,409.05,2038,2195,2195,2195,2195,1,203.77
Breeze-4,Kurta,0.3,505,409.05,2038,2195,2195,2195,2195,1,455.4
Breeze-4,Kurta,0.3,505,409.05,2038,2195,2195,2195,2195,1,459.12
Breeze-4,Kurta,0.3,505,409.05,2038,2195,2195,2195,2195,1,12.34
Breeze-4,Kurta,0.3,505,409.05,2038,2195,2195,2195,2195,1,266.66
Breeze-4,Kurta,0.3,505,409.05,2038,2195,2195,2195,2195,1,326.15
Breeze-4,Kurta,0.3,505,409.05,2038,2195,2195,2195,2195,1,167.63
Breeze-4,Kurta,0.3,505,409.05,2038,2195,2195,2195,2195,1,152.21
Breeze-4,Kurta,0.3,505,409.05,2038,2195,2195,2195,2195,1,303.96
Breeze-4,Kurta,0.3,505,409.05,2038,2195,2195,2195,2195,1,32.1
Rozana,Kurta Set,0.4,590,477.90,2378,2495,2495,2495,2495,1,122.55
Rozana,Kurta Set,0.4,590,477.90,2378,2495,2495,2495,2495,1,275.83
Rozana,Kurta Set,0.4,590,477.90,2378,2495,2495,2495,2495,1,489.7
Rozana,Kurta Set,0.4,590,477.90,2378,2495,2495,2495,2495,1,198.68
Rozana,Kurta Set,0.4,590,477.90,2378,2495,2495,2495,2495,1,178.26
Rozana,Kurta Set,0.4,590,477.90,2378,2495,2495,2495,2495,1,408.79
Rozana,Kurta Set,0.4,590,477.90,2378,2495,2495,2495,2495,1,443.53
Rozana,Kurta Set,0.4,590,477.90,2378,2495,2495,2495,2495,1,220.97
Rozana,Kurta Set,0.4,590,477.90,2378,2495,2495,2495,2495,1,470.32
Rozana,Kurta Set,0.4,590,477.90,2378,2495,2495,2495,2495,1,195.11
Rozana,Kurta Set,0.4,590,477.90,2378,2495,2495,2495,2495,1,167.28
Rozana,Kurta Set,0.4,590,477.90,2378,2495,2495,2495,2495,1,269.87
Rozana,Kurta Set,0.4,590,477.90,2378,2495,2495,2495,2495,1,61.24
Rozana,Kurta Set,0.4,590,477.90,2378,2495,2495,2495,2495,1,313.33
Rozana,Kurta Set,0.4,590,477.90,2378,2495,2495,2495,2495,1,268.43
Rozana,Kurta Set,0.4,590,477.90,2378,2495,2495,2495,2495,1,173.5
Rozana,Kurta Set,0.4,590,477.90,2378,2495,2495,2495,2495,1,243.54
Rozana,Kurta Set,0.4,590,477.90,2378,2495,2495,2495,2495,1,325.88
Rozana,Kurta Set,0.4,590,477.90,2378,2495,2495,2495,2495,1,241.08
Rozana,Kurta Set,0.4,590,477.90,2378,2495,2495,2495,2495,1,237.7
Rozana,Kurta Set,0.4,590,477.90,2378,2495,2495,2495,2495,1,161.48
Rozana,Kurta Set,0.4,590,477.90,2378,2495,2495,2495,2495,1,163.04
Rozana,Kurta Set,0.4,590,477.90,2378,2495,2495,2495,2495,1,206.77
Rozana,Kurta Set,0.4,590,477.90,2378,2495,2495,2495,2495,1,289.19
Rozana,Kurta Set,0.4,590,477.90,2378,2495,2495,2495,2495,1,267.59
Rozana,Kurta Set,0.4,590,477.90,2378,2495,2495,2495,2495,1,402.43
Rozana,Kurta Set,0.4,590,477.90,2378,2495,2495,2495,2495,1,238.2
Rozana,Kurta Set,0.4,590,477.90,2378,2495,2495,2495,2495,1,399.08
Rozana,Kurta Set,0.4,590,477.90,2378,2495,2495,2495,2495,1,336.67
Rozana,Kurta Set,0.4,590,477.90,2378,2495,2495,2495,2495,1,33.95
Rozana,Kurta Set,0.4,590,477.90,2378,2495,2495,2495,2495,1,10.28
Rozana,Kurta Set,0.4,590,477.90,2378,2495,2495,2495,2495,1,234.44
Rozana,Kurta Set,0.4,590,477.90,2378,2495,2495,2495,2495,1,338.9
Rozana,Kurta Set,0.4,590,477.90,2378,2495,2495,2495,2495,1,115.75
Rozana,Kurta Set,0.4,590,477.90,2378,2495,2495,2495,2495,1,421.94
Rozana,Kurta Set,0.4,590,477.90,2378,2495,2495,2495,2495,1,454.17
Rozana,Kurta Set,0.4,590,477.90,2378,2495,2495,2495,2495,1,174.99
Rozana,Kurta Set,0.4,590,477.90,2378,2495,2495,2495,2495,1,125.78
Rozana,Kurta Set,0.4,590,477.90,2378,2495,2495,2495,2495,1,433.73
Rozana,Kurta Set,0.4,590,477.90,2378,2495,2495,2495,2495,1,182.15
Rozana,Kurta Set,0.4,590,477.90,2378,2495,2495,2495,2495,1,426.01
Rozana,Kurta Set,0.4,590,477.90,2378,2495,2495,2495,2495,1,490.39
Rozana,Kurta Set,0.4,590,477.90,2378,2495,2495,2495,2495,1,129.12
Rozana,Kurta Set,0.4,590,477.90,2378,2495,2495,2495,2495,1,55.23
Rozana,Kurta Set,0.4,590,477.90,2378,2495,2495,2495,2495,1,22.63
Rozana,Kurta Set,0.4,590,477.90,2378,2495,2495,2495,2495,1,25.62
Rozana,Kurta Set,0.4,590,477.90,2378,2495,2495,2495,2495,1,23.71
Rozana,Kurta Set,0.4,590,477.90,2378,2495,2495,2495,2495,1,267.33
Colors-7,Kurta,0.3,381,308.61,1538,1595,1595,1595,1595,1,236.57
Colors-7,Kurta,0.3,381,308.61,1538,1595,1595,1595,1595,1,292.63
Colors-7,Kurta,0.3,381,308.61,1538,1595,1595,1595,1595,1,117.14
Colors-7,Kurta,0.3,381,308.61,1538,1595,1595,1595,1595,1,367.65
Colors-7,Kurta,0.3,381,308.61,1538,1595,1595,1595,1595,1,314.14
Colors-7,Kurta,0.3,381,308.61,1538,1595,1595,1595,1595,1,308.69
Colors-7,Kurta,0.3,381,308.61,1538,1595,1595,1595,1595,1,123.97
Colors-7,Kurta,0.3,381,308.61,1538,1595,1595,1595,1595,1,445.17
Colors-7,Kurta,0.3,381,308.61,1538,1595,1595,1595,1595,1,245.65
Colors-7,Kurta,0.3,381,308.61,1538,1595,1595,1595,1595,1,254.03
Colors-7,Kurta,0.3,381,308.61,1538,1595,1595,1595,1595,1,251.95
Colors-7,Kurta,0.3,381,308.61,1538,1595,1595,1595,1595,1,418.28
Colors-7,Kurta,0.3,381,308.61,1538,1595,1595,1595,1595,1,408.28
Colors-7,Kurta,0.3,381,308.61,1538,1595,1595,1595,1595,1,405.51
Colors-7,Kurta,0.3,381,308.61,1538,1595,1595,1595,1595,1,345.73
Colors-7,Kurta,0.3,381,308.61,1538,1595,1595,1595,1595,1,230.75
Colors-7,Kurta,0.3,381,308.61,1538,1595,1595,1595,1595,1,260.03
Colors-7,Kurta,0.3,381,308.61,1538,1595,1595,1595,1595,1,482.56
Colors-7,Kurta,0.3,381,308.61,1538,1595,1595,1595,1595,1,43.09
Colors-7,Kurta,0.3,381,308.61,1538,1595,1595,1595,1595,1,252.6
Colors-7,Kurta,0.3,381,308.61,1538,1595,1595,1595,1595,1,461.12
Colors-7,Kurta,0.3,381,308.61,1538,1595,1595,1595,1595,1,308.43
Colors-7,Kurta,0.3,381,308.61,1538,1595,1595,1595,1595,1,322.11
Colors-7,Kurta,0.3,381,308.61,1538,1595,1595,1595,1595,1,442.76
Colors-7,Kurta,0.3,381,308.61,1538,1595,1595,1595,1595,1,303.94
Colors-7,Kurta,0.3,381,308.61,1538,1595,1595,1595,1595,1,434.35
Colors-7,Kurta,0.3,381,308.61,1538,1595,1595,1595,1595,1,373.2
Colors-7,Kurta,0.3,381,308.61,1538,1595,1595,1595,1595,1,387.46
Colors-7,Kurta,0.3,381,308.61,1538,1595,1595,1595,1595,1,252.14
Colors-7,Kurta,0.3,381,308.61,1538,1595,1595,1595,1595,1,26.49
Colors-7,Kurta,0.3,381,308.61,1538,1595,1595,1595,1595,1,444.56
Colors-7,Kurta,0.3,381,308.61,1538,1595,1595,1595,1595,1,244.19
Colors-7,Kurta,0.3,381,308.61,1538,1595,1595,1595,1595,1,464.83
Colors-7,Kurta,0.3,381,308.61,1538,1595,1595,1595,1595,1,59.83
Colors-7,Kurta,0.3,381,308.61,1538,1595,1595,1595,1595,1,431.98
Colors-7,Kurta,0.3,381,308.61,1538,1595,1595,1595,1595,1,154.71
Colors-7,Kurta,0.3,381,308.61,1538,1595,1595,1595,1595,1,469.88
Colors-7,Kurta,0.3,381,308.61,1538,1595,1595,1595,1595,1,113.13
Colors-7,Kurta,0.3,381,308.61,1538,1595,1595,1595,1595,1,495.42
Colors-7,Kurta,0.3,381,308.61,1538,1595,1595,1595,1595,1,11.12
Colors-7,Kurta,0.3,381,308.61,1538,1595,1595,1595,1595,1,413.23
Colors-7,Kurta,0.3,381,308.61,1538,1595,1595,1595,1595,1,495.26
Mix,Kurta,0.3,952,771.12,3858,3995,3995,3995,3995,1,257.41
Mix,Kurta,0.3,952,771.12,3858,3995,3995,3995,3995,1,225.36
Mix,Kurta,0.3,952,771.12,3858,3995,3995,3995,3995,1,99.3
Mix,Kurta,0.3,952,771.12,3858,3995,3995,3995,3995,1,440.07
Mix,Kurta,0.3,952,771.12,3858,3995,3995,3995,3995,1,167.83
Mix,Kurta,0.3,952,771.12,3858,3995,3995,3995,3995,1,282.68
Mix,Kurta,0.3,952,771.12,3858,3995,3995,3995,3995,1,263.15
Mix,Kurta,0.3,952,771.12,3858,3995,3995,3995,3995,1,138.27
Mix,Kurta,0.3,952,771.12,3858,3995,3995,3995,3995,1,499.04
Mix,Kurta,0.3,952,771.12,3858,3995,3995,3995,3995,1,355.92
Mix,Kurta,0.3,952,771.12,3858,3995,3995,3995,3995,1,129.21
Mix,Kurta,0.3,952,771.12,3858,3995,3995,3995,3995,1,246.63
Mix,Kurta,0.3,570,461.70,2298,2395,2395,2395,2395,1,237.11
Mix,Kurta,0.3,570,461.70,2298,2395,2395,2395,2395,1,386.13
Mix,Kurta,0.3,570,461.70,2298,2395,2395,2395,2395,1,77.48
Mix,Kurta,0.3,570,461.70,2298,2395,2395,2395,2395,1,143.89
Mix,Kurta,0.3,570,461.70,2298,2395,2395,2395,2395,1,184.34
Mix,Kurta,0.3,570,461.70,2298,2395,2395,2395,2395,1,461.72
Mix,Kurta,0.3,519,420.39,2098,2195,2195,2195,2195,1,31.23
Mix,Kurta,0.3,519,420.39,2098,2195,2195,2195,2195,1,290.14
Mix,Kurta,0.3,519,420.39,2098,2195,2195,2195,2195,1,353.55
Mix,Kurta,0.3,519,420.39,2098,2195,2195,2195,2195,1,156.75
Mix,Kurta,0.3,519,420.39,2098,2195,2195,2195,2195,1,308.41
Mix,Kurta,0.3,519,420.39,2098,2195,2195,2195,2195,1,87.27
Mix,Kurta,0.3,714,578.34,2878,2995,2995,2995,2995,1,52.61
Mix,Kurta,0.3,714,578.34,2878,2995,2995,2995,2995,1,394.51
Mix,Kurta,0.3,714,578.34,2878,2995,2995,2995,2995,1,295.61
Mix,Kurta,0.3,714,578.34,2878,2995,2995,2995,2995,1,190.99
Mix,Kurta,0.3,714,578.34,2878,2995,2995,2995,2995,1,448.79
Mix,Kurta,0.3,714,578.34,2878,2995,2995,2995,2995,1,247.63
Mix,Kurta,0.3,519,420.39,2098,2195,2195,2195,2195,1,197.22
Mix,Kurta,0.3,519,420.39,2098,2195,2195,2195,2195,1,145.64
Mix,Kurta,0.3,519,420.39,2098,2195,2195,2195,2195,1,389.69
Mix,Kurta,0.3,519,420.39,2098,2195,2195,2195,2195,1,84.35
Mix,Kurta,0.3,519,420.39,2098,2195,2195,2195,2195,1,219.0
Mix,Kurta,0.3,519,420.39,2098,2195,2195,2195,2195,1,203.0
Mix,Kurta,0.3,595,481.95,2398,2495,2495,2495,2495,1,163.9
Mix,Kurta,0.3,595,481.95,2398,2495,2495,2495,2495,1,342.22
Mix,Kurta,0.3,595,481.95,2398,2495,2495,2495,2495,1,79.24
Mix,Kurta,0.3,595,481.95,2398,2495,2495,2495,2495,1,115.05
Mix,Kurta,0.3,595,481.95,2398,2495,2495,2495,2495,1,151.55
Mix,Kurta,0.3,595,481.95,2398,2495,2495,2495,2495,1,367.78
Mix,Kurta,0.3,467,378.27,1878,1995,1995,1995,1995,1,366.47
Mix,Kurta,0.3,467,378.27,1878,1995,1995,1995,1995,1,418.46
Mix,Kurta,0.3,467,378.27,1878,1995,1995,1995,1995,1,413.11
Mix,Kurta,0.3,467,378.27,1878,1995,1995,1995,1995,1,421.97
Mix,Kurta,0.3,467,378.27,1878,1995,1995,1995,1995,1,485.49
Mix,Kurta,0.3,467,378.27,1878,1995,1995,1995,1995,1,278.58
Mix,Kurta,0.3,552,447.12,2238,2395,2395,2395,2395,1,488.84
Mix,Kurta,0.3,552,447.12,2238,2395,2395,2395,2395,1,499.61
Mix,Kurta,0.3,552,447.12,2238,2395,2395,2395,2395,1,447.15
Mix,Kurta,0.3,552,447.12,2238,2395,2395,2395,2395,1,424.69
Mix,Kurta,0.3,552,447.12,2238,2395,2395,2395,2395,1,429.84
Mix,Kurta,0.3,552,447.12,2238,2395,2395,2395,2395,1,449.79
Mix,Kurta,0.3,529,428.49,2138,2295,2295,2295,2295,1,329.84
Mix,Kurta,0.3,529,428.49,2138,2295,2295,2295,2295,1,196.68
Mix,Kurta,0.3,529,428.49,2138,2295,2295,2295,2295,1,407.38
Mix,Kurta,0.3,529,428.49,2138,2295,2295,2295,2295,1,28.8
Mix,Kurta,0.3,529,428.49,2138,2295,2295,2295,2295,1,15.11
Mix,Kurta,0.3,529,428.49,2138,2295,2295,2295,2295,1,313.24
Mix,Kurta Set,0.4,662,536.22,2678,2795,2795,2795,2795,1,379.11
Mix,Kurta Set,0.4,662,536.22,2678,2795,2795,2795,2795,1,308.14
Mix,Kurta Set,0.4,662,536.22,2678,2795,2795,2795,2795,1,423.12
Mix,Kurta Set,0.4,662,536.22,2678,2795,2795,2795,2795,1,411.82
Mix,Kurta Set,0.4,662,536.22,2678,2795,2795,2795,2795,1,311.89
Mix,Kurta Set,0.4,662,536.22,2678,2795,2795,2795,2795,1,31.98
Mix,Kurta,0.3,538,435.78,2178,2295,2295,2295,2295,1,106.53
Mix,Kurta,0.3,538,435.78,2178,2295,2295,2295,2295,1,104.73
Mix,Kurta,0.3,538,435.78,2178,2295,2295,2295,2295,1,465.36
Mix,Kurta,0.3,538,435.78,2178,2295,2295,2295,2295,1,382.43
Mix,Kurta,0.3,538,435.78,2178,2295,2295,2295,2295,1,300.06
Mix,Kurta,0.3,538,435.78,2178,2295,2295,2295,2295,1,314.95
Mix,Kurta,0.3,529,428.49,2138,2295,2295,2295,2295,1,355.42
Mix,Kurta,0.3,529,428.49,2138,2295,2295,2295,2295,1,395.97
Mix,Kurta,0.3,529,428.49,2138,2295,2295,2295,2295,1,70.59
Mix,Kurta,0.3,529,428.49,2138,2295,2295,2295,2295,1,204.0
Mix,Kurta,0.3,529,428.49,2138,2295,2295,2295,2295,1,34.67
Mix,Kurta,0.3,529,428.49,2138,2295,2295,2295,2295,1,242.57
Mix,Kurta,0.3,570,461.70,2298,2295,2295,2295,2295,1,481.74
Mix,Kurta,0.3,570,461.70,2298,2295,2295,2295,2295,1,424.34
Mix,Kurta,0.3,570,461.70,2298,2295,2295,2295,2295,1,462.05
Mix,Kurta,0.3,570,461.70,2298,2295,2295,2295,2295,1,129.94
Mix,Kurta,0.3,570,461.70,2298,2295,2295,2295,2295,1,68.76
Mix,Kurta,0.3,570,461.70,2298,2295,2295,2295,2295,1,313.5
Mix,Kurta,0.3,570,461.70,2298,2295,2295,2295,2295,1,42.83
Mix,Kurta,0.3,570,461.70,2298,2295,2295,2295,2295,1,337.62
Mix,Kurta,0.3,570,461.70,2298,2295,2295,2295,2295,1,404.51
Mix,Kurta,0.3,570,461.70,2298,2295,2295,2295,2295,1,156.92
Mix,Kurta,0.3,570,461.70,2298,2295,2295,2295,2295,1,126.65
Mix,Kurta,0.3,570,461.70,2298,2295,2295,2295,2295,1,92.15
Mix,Kurta,0.3,570,461.70,2298,2295,2295,2295,2295,1,427.24
Mix,Kurta,0.3,570,461.70,2298,2295,2295,2295,2295,1,98.72
Mix,Kurta,0.3,570,461.70,2298,2295,2295,2295,2295,1,128.84
Mix,Kurta,0.3,570,461.70,2298,2295,2295,2295,2295,1,180.29
Mix,Kurta,0.3,570,461.70,2298,2295,2295,2295,2295,1,173.47
Mix,Kurta,0.3,570,461.70,2298,2295,2295,2295,2295,1,172.08
Mix,Kurta,0.3,724,586.44,2918,3095,3095,3095,3095,1,415.08
Mix,Kurta,0.3,724,586.44,2918,3095,3095,3095,3095,1,212.16
Mix,Kurta,0.3,724,586.44,2918,3095,3095,3095,3095,1,359.55
Mix,Kurta,0.3,724,586.44,2918,3095,3095,3095,3095,1,412.16
Mix,Kurta,0.3,724,586.44,2918,3095,3095,3095,3095,1,179.95
Mix,Kurta,0.3,724,586.44,2918,3095,3095,3095,3095,1,74.05
Mix,Kurta,0.3,538,435.78,2178,2295,2295,2295,2295,1,380.24
Mix,Kurta,0.3,538,435.78,2178,2295,2295,2295,2295,1,441.64
Mix,Kurta,0.3,538,435.78,2178,2295,2295,2295,2295,1,122.77
Mix,Kurta,0.3,538,435.78,2178,2295,2295,2295,2295,1,185.12
Mix,Kurta,0.3,538,435.78,2178,2295,2295,2295,2295,1,321.91
Mix,Kurta,0.3,538,435.78,2178,2295,2295,2295,2295,1,239.65
Mix,Kurta,0.3,570,461.70,2298,2395,2395,2395,2395,1,331.68
Mix,Kurta,0.3,570,461.70,2298,2395,2395,2395,2395,1,445.26
Mix,Kurta,0.3,570,461.70,2298,2395,2395,2395,2395,1,421.18
Mix,Kurta,0.3,570,461.70,2298,2395,2395,2395,2395,1,268.99
Mix,Kurta,0.3,570,461.70,2298,2395,2395,2395,2395,1,475.43
Mix,Kurta,0.3,570,461.70,2298,2395,2395,2395,2395,1,415.76
Mix,Kurta,0.3,570,461.70,2298,2395,2395,2395,2395,1,216.41
Mix,Kurta,0.3,570,461.70,2298,2395,2395,2395,2395,1,96.11
Mix,Kurta,0.3,570,461.70,2298,2395,2395,2395,2395,1,355.67
Mix,Kurta,0.3,570,461.70,2298,2395,2395,2395,2395,1,196.73
Mix,Kurta,0.3,570,461.70,2298,2395,2395,2395,2395,1,467.59
Mix,Kurta,0.3,570,461.70,2298,2395,2395,2395,2395,1,407.62
Mix,Kurta,0.3,529,428.49,2138,2395,2395,2395,2395,1,161.8
Mix,Kurta,0.3,529,428.49,2138,2395,2395,2395,2395,1,302.77
Mix,Kurta,0.3,529,428.49,2138,2395,2395,2395,2395,1,51.58
Mix,Kurta,0.3,529,428.49,2138,2395,2395,2395,2395,1,187.22
Mix,Kurta,0.3,529,428.49,2138,2395,2395,2395,2395,1,134.72
Mix,Kurta,0.3,529,428.49,2138,2395,2395,2395,2395,1,335.84
Mix,Kurta,0.3,529,428.49,2138,2395,2395,2395,2395,1,101.52
Mix,Kurta,0.3,529,428.49,2138,2395,2395,2395,2395,1,246.55
Mix,Kurta,0.3,529,428.49,2138,2395,2395,2395,2395,1,30.88
Mix,Kurta,0.3,529,428.49,2138,2395,2395,2395,2395,1,159.47
Mix,Kurta,0.3,529,428.49,2138,2395,2395,2395,2395,1,153.26
Mix,Kurta,0.3,529,428.49,2210,2395,2395,2395,2395,1,244.16
Mix,Kurta,0.3,424,343.44,2240,1695,1695,1695,1695,1,291.44
Mix,Kurta,0.3,424,343.44,1695,1695,1695,1695,1695,1,52.09
Mix,Kurta,0.3,424,343.44,1695,1695,1695,1695,1695,1,224.3
Mix,Kurta,0.3,424,343.44,1695,1695,1695,1695,1695,1,333.7
Mix,Kurta,0.3,424,343.44,1695,1695,1695,1695,1695,1,467.34
Mix,Kurta,0.3,424,343.44,1695,1695,1695,1695,1695,1,346.96
Mix,Kurta,0.3,424,343.44,1695,1695,1695,1695,1695,1,410.21
Mix,Kurta,0.3,424,343.44,1695,1695,1695,1695,1695,1,480.7
Mix,Kurta,0.3,424,343.44,1695,1695,1695,1695,1695,1,427.57
Mix,Kurta,0.3,424,343.44,1695,1695,1695,1695,1695,1,145.46
Mix,Kurta,0.3,424,343.44,1695,1695,1695,1695,1695,1,170.47
Mix,Kurta,0.3,424,343.44,1695,1695,1695,1695,1695,1,167.08
Mix,Kurta,0.3,381,308.61,1595,1595,1595,1595,1595,1,33.0
Mix,Kurta,0.3,381,308.61,1595,1595,1595,1595,1595,1,253.37
Mix,Kurta,0.3,381,308.61,1595,1595,1595,1595,1595,1,460.33
Mix,Kurta,0.3,381,308.61,1595,1595,1595,1595,1595,1,191.0
Mix,Kurta,0.3,381,308.61,1595,1595,1595,1595,1595,1,49.1
Mix,Kurta,0.3,381,308.61,1595,1595,1595,1595,1595,1,234.33
Mix,Kurta,0.3,381,308.61,1595,1595,1595,1595,1595,1,344.53
Mix,Kurta,0.3,381,308.61,1595,1595,1595,1595,1595,1,372.48
Mix,Kurta,0.3,381,308.61,1595,1595,1595,1595,1595,1,281.53
Mix,Kurta,0.3,381,308.61,1595,1595,1595,1595,1595,1,309.36
Mix,Kurta,0.3,381,308.61,1595,1595,1595,1595,1595,1,379.59
Mix,Kurta,0.3,381,308.61,1595,1595,1595,1595,1595,1,420.02
Mix,Kurta,0.3,471,381.51,1895,1895,1895,1895,1895,1,491.15
Mix,Kurta,0.3,471,381.51,1895,1895,1895,1895,1895,1,232.79
Mix,Kurta,0.3,471,381.51,1895,1895,1895,1895,1895,1,270.93
Mix,Kurta,0.3,471,381.51,1895,1895,1895,1895,1895,1,319.24
Mix,Kurta,0.3,471,381.51,1895,1895,1895,1895,1895,1,144.7
Mix,Kurta,0.3,471,381.51,1895,1895,1895,1895,1895,1,389.85
Mix,Kurta,0.3,471,381.51,1895,1895,1895,1895,1895,1,176.6
Mix,Kurta,0.3,471,381.51,1895,1895,1895,1895,1895,1,358.12
Mix,Kurta,0.3,471,381.51,1895,1895,1895,1895,1895,1,261.6
Mix,Kurta,0.3,471,381.51,1895,1895,1895,1895,1895,1,358.84
Mix,Kurta,0.3,471,381.51,1895,1895,1895,1895,1895,1,47.59
Mix,Kurta,0.3,471,381.51,1895,1895,1895,1895,1895,1,139.86
Mix,Kurta,0.3,471,381.51,1895,1895,1895,1895,1895,1,360.25
Mix,Kurta,0.3,471,381.51,1895,1895,1895,1895,1895,1,242.51
Mix,Kurta,0.3,471,381.51,1895,1895,1895,1895,1895,1,282.23
Mix,Kurta,0.3,471,381.51,1895,1895,1895,1895,1895,1,131.56
Mix,Kurta,0.3,471,381.51,1895,1895,1895,1895,1895,1,178.75
Mix,Kurta,0.3,471,381.51,1895,1895,1895,1895,1895,1,286.13
Mix,Kurta,0.3,381,308.61,1595,1595,1595,1595,1595,1,76.13
Mix,Kurta,0.3,381,308.61,1595,1595,1595,1595,1595,1,483.14
Mix,Kurta,0.3,381,308.61,1595,1595,1595,1595,1595,1,328.15
Mix,Kurta,0.3,381,308.61,1595,1595,1595,1595,1595,1,327.57
Mix,Kurta,0.3,381,308.61,1595,1595,1595,1595,1595,1,120.55
Mix,Kurta,0.3,381,308.61,1595,1595,1595,1595,1595,1,35.72
Mix,Kurta,0.3,286,231.66,1195,1195,1195,1195,1195,1,51.45
Mix,Kurta,0.3,286,231.66,1195,1195,1195,1195,1195,1,182.93
Mix,Kurta,0.3,286,231.66,1195,1195,1195,1195,1195,1,218.53
Mix,Kurta,0.3,286,231.66,1195,1195,1195,1195,1195,1,211.91
Mix,Kurta,0.3,286,231.66,1195,1195,1195,1195,1195,1,246.79
Mix,Kurta,0.3,286,231.66,1195,1195,1195,1195,1195,1,51.96
Mix,Kurta,0.3,381,308.61,1595,1595,1595,1595,1595,1,458.57
Mix,Kurta,0.3,381,308.61,1595,1595,1595,1595,1595,1,128.64
Mix,Kurta,0.3,381,308.61,1595,1595,1595,1595,1595,1,405.93
Mix,Kurta,0.3,381,308.61,1595,1595,1595,1595,1595,1,408.9
Mix,Kurta,0.3,381,308.61,1595,1595,1595,1595,1595,1,32.41
Mix,Kurta,0.3,381,308.61,1595,1595,1595,1595,1595,1,53.47
Mix,Kurta,0.3,500,405.00,1995,1995,1995,1995,1995,1,328.68
Mix,Kurta,0.3,500,405.00,1995,1995,1995,1995,1995,1,109.57
Mix,Kurta,0.3,500,405.00,1995,1995,1995,1995,1995,1,218.19
Mix,Kurta,0.3,500,405.00,1995,1995,1995,1995,1995,1,291.08
Mix,Kurta,0.3,500,405.00,1995,1995,1995,1995,1995,1,495.91
Mix,Kurta,0.3,500,405.00,1995,1995,1995,1995,1995,1,326.06
Mix,Kurta,0.3,471,381.51,1895,1895,1895,1895,1895,1,438.05
Mix,Kurta,0.3,471,381.51,1895,1895,1895,1895,1895,1,350.23
Mix,Kurta,0.3,471,381.51,1895,1895,1895,1895,1895,1,170.6
Mix,Kurta,0.3,471,381.51,1895,1895,1895,1895,1895,1,273.56
Mix,Kurta,0.3,471,381.51,1895,1895,1895,1895,1895,1,258.76
Mix,Kurta,0.3,471,381.51,1895,1895,1895,1895,1895,1,62.3
Mix,Kurta,0.3,381,308.61,1595,1595,1595,1595,1595,1,14.58
Mix,Kurta,0.3,381,308.61,1595,1595,1595,1595,1595,1,163.85
Mix,Kurta,0.3,381,308.61,1595,1595,1595,1595,1595,1,126.32
Mix,Kurta,0.3,381,308.61,1595,1595,1595,1595,1595,1,15.72
Mix,Kurta,0.3,381,308.61,1595,1595,1595,1595,1595,1,211.45
Mix,Kurta,0.3,381,308.61,1595,1595,1595,1595,1595,1,141.6
Mix,Kurta,0.3,381,308.61,1595,1595,1595,1595,1595,1,426.98
Mix,Kurta,0.3,381,308.61,1595,1595,1595,1595,1595,1,83.47
Mix,Kurta,0.3,381,308.61,1595,1595,1595,1595,1595,1,319.54
Mix,Kurta,0.3,381,308.61,1595,1595,1595,1595,1595,1,111.95
Mix,Kurta,0.3,381,308.61,1595,1595,1595,1595,1595,1,452.4
Mix,Kurta,0.3,381,308.61,1595,1595,1595,1595,1595,1,239.52
Mix,Kurta,0.3,381,308.61,1595,1595,1595,1595,1595,1,282.06
Mix,Kurta,0.3,381,308.61,1595,1595,1595,1595,1595,1,253.48
Mix,Kurta,0.3,381,308.61,1595,1595,1595,1595,1595,1,474.25
Mix,Kurta,0.3,381,308.61,1595,1595,1595,1595,1595,1,132.39
Mix,Kurta,0.3,381,308.61,1595,1595,1595,1595,1595,1,148.3
Mix,Kurta,0.3,381,308.61,1595,1595,1595,1595,1595,1,187.9
Mix,Kurta,0.3,381,308.61,1595,1595,1595,1595,1595,1,230.12
Mix,Kurta,0.3,381,308.61,1595,1595,1595,1595,1595,1,402.3
Mix,Kurta,0.3,381,308.61,1595,1595,1595,1595,1595,1,103.08
Mix,Kurta,0.3,381,308.61,1595,1595,1595,1595,1595,1,479.22
Mix,Kurta,0.3,381,308.61,1595,1595,1595,1595,1595,1,62.06
Mix,Kurta,0.3,381,308.61,1595,1595,1595,1595,1595,1,229.01
Mix,Kurta,0.3,581,470.61,2395,2395,2395,2395,2395,1,461.08
Mix,Kurta,0.3,581,470.61,2395,2395,2395,2395,2395,1,84.88
Mix,Kurta,0.3,581,470.61,2395,2395,2395,2395,2395,1,338.3
Mix,Kurta,0.3,581,470.61,2395,2395,2395,2395,2395,1,59.91
Mix,Kurta,0.3,581,470.61,2395,2395,2395,2395,2395,1,410.98
Mix,Kurta,0.3,581,470.61,2395,2395,2395,2395,2395,1,196.52
Mix,Kurta,0.3,381,308.61,1595,1595,1595,1595,1595,1,195.41
Mix,Kurta,0.3,381,308.61,1595,1595,1595,1595,1595,1,78.52
Mix,Kurta,0.3,381,308.61,1595,1595,1595,1595,1595,1,477.39
Mix,Kurta,0.3,381,308.61,1595,1595,1595,1595,1595,1,212.91
Mix,Kurta,0.3,381,308.61,1595,1595,1595,1595,1595,1,72.92
Mix,Kurta,0.3,381,308.61,1595,1595,1595,1595,1595,1,80.49
Mix,Kurta,0.3,471,381.51,1895,1895,1895,1895,1895,1,55.2
Mix,Kurta,0.3,471,381.51,1895,1895,1895,1895,1895,1,494.55
Mix,Kurta,0.3,471,381.51,1895,1895,1895,1895,1895,1,158.39
Mix,Kurta,0.3,471,381.51,1895,1895,1895,1895,1895,1,278.82
Mix,Kurta,0.3,471,381.51,1895,1895,1895,1895,1895,1,342.11
Mix,Kurta,0.3,471,381.51,1895,1895,1895,1895,1895,1,481.68
Mix,Kurta,0.3,457,370.17,1895,1895,1895,1895,1895,1,378.23
Mix,Kurta,0.3,457,370.17,1895,1895,1895,1895,1895,1,349.43
Mix,Kurta,0.3,457,370.17,1895,1895,1895,1895,1895,1,295.43
Mix,Kurta,0.3,457,370.17,1895,1895,1895,1895,1895,1,139.73
Mix,Kurta,0.3,457,370.17,1895,1895,1895,1895,1895,1,495.07
Mix,Kurta,0.3,457,370.17,1895,1895,1895,1895,1895,1,373.51
Mix,Kurta,0.3,424,343.44,1695,1695,1695,1695,1695,1,168.89
Mix,Kurta,0.3,424,343.44,1695,1695,1695,1695,1695,1,182.03
Mix,Kurta,0.3,424,343.44,1695,1695,1695,1695,1695,1,419.53
Mix,Kurta,0.3,424,343.44,1695,1695,1695,1695,1695,1,134.11
Mix,Kurta,0.3,424,343.44,1695,1695,1695,1695,1695,1,111.82
Mix,Kurta,0.3,424,343.44,1695,1695,1695,1695,1695,1,385.04
Mix,Kurta,0.3,424,343.44,1695,1695,1695,1695,1695,1,185.61
Mix,Kurta,0.3,424,343.44,1695,1695,1695,1695,1695,1,457.66
Mix,Kurta,0.3,424,343.44,1695,1695,1695,1695,1695,1,118.23
Mix,Kurta,0.3,424,343.44,1695,1695,1695,1695,1695,1,250.41
Mix,Kurta,0.3,424,343.44,1695,1695,1695,1695,1695,1,135.62
Mix,Kurta,0.3,424,343.44,1695,1695,1695,1695,1695,1,298.12
Mix,Kurta,0.3,500,405.00,1995,1995,1995,1995,1995,1,303.34
Mix,Kurta,0.3,500,405.00,1995,1995,1995,1995,1995,1,79.25
Mix,Kurta,0.3,500,405.00,1995,1995,1995,1995,1995,1,139.5
Mix,Kurta,0.3,500,405.00,1995,1995,1995,1995,1995,1,148.17
Mix,Kurta,0.3,500,405.00,1995,1995,1995,1995,1995,1,304.65
Mix,Kurta,0.3,500,405.00,1995,1995,1995,1995,1995,1,11.37
Mix,Kurta,0.3,500,405.00,1995,1995,1995,1995,1995,1,486.59
Mix,Kurta,0.3,457,370.17,1895,1895,1895,1895,1895,1,249.64
Mix,Kurta,0.3,457,370.17,1895,1895,1895,1895,1895,1,233.55
Mix,Kurta,0.3,457,370.17,1895,1895,1895,1895,1895,1,404.49
Mix,Kurta,0.3,457,370.17,1895,1895,1895,1895,1895,1,87.65
Mix,Kurta,0.3,457,370.17,1895,1895,1895,1895,1895,1,226.0
Mix,Kurta,0.3,457,370.17,1895,1895,1895,1895,1895,1,387.39
Mix,Kurta,0.3,424,343.44,1695,1695,1695,1695,1695,1,418.7
Mix,Kurta,0.3,424,343.44,1695,1695,1695,1695,1695,1,423.72
Mix,Kurta,0.3,424,343.44,1695,1695,1695,1695,1695,1,204.68
Mix,Kurta,0.3,424,343.44,1695,1695,1695,1695,1695,1,238.91
Mix,Kurta,0.3,424,343.44,1695,1695,1695,1695,1695,1,173.65
Mix,Kurta,0.3,424,343.44,1695,1695,1695,1695,1695,1,317.16
Mix,Kurta,0.3,425,344.25,1795,1795,1795,1695,1695,1,367.64
Mix,Kurta,0.3,425,344.25,1795,1795,1795,1695,1695,1,56.04
Mix,Kurta,0.3,425,344.25,1795,1795,1795,1695,1695,1,282.69
Mix,Kurta,0.3,425,344.25,1795,1795,1795,1695,1695,1,322.19
Mix,Kurta,0.3,425,344.25,1795,1795,1795,1695,1695,1,499.24
Mix,Kurta,0.3,425,344.25,1795,1795,1795,1695,1695,1,428.92
Mix,Kurta,0.3,425,344.25,1795,1795,1795,1695,1695,1,440.86
Mix,Kurta,0.3,425,344.25,1795,1795,1795,1695,1695,1,310.4
Mix,Kurta,0.3,425,344.25,1795,1795,1795,1695,1695,1,11.67
Mix,Kurta,0.3,425,344.25,1795,1795,1795,1695,1695,1,84.33
Mix,Kurta,0.3,425,344.25,1795,1795,1795,1695,1695,1,57.16
Mix,Kurta,0.3,425,344.25,1795,1795,1795,1695,1695,1,415.67
Mix,Kurta,0.3,425,344.25,1795,1795,1795,1695,1695,1,53.11
Mix,Kurta,0.3,425,344.25,1795,1795,1795,1695,1695,1,13.34
Mix,Kurta,0.3,425,344.25,1795,1795,1795,1695,1695,1,298.65
Mix,Kurta,0.3,425,344.25,1795,1795,1795,1695,1695,1,207.52
Mix,Kurta,0.3,425,344.25,1795,1795,1795,1695,1695,1,476.39
Mix,Kurta,0.3,425,344.25,1795,1795,1795,1695,1695,1,45.73
Mix,Kurta,0.3,395,319.95,1695,1695,1695,1895,1895,1,422.14
Mix,Kurta,0.3,395,319.95,1695,1695,1695,1895,1895,1,38.32
Mix,Kurta,0.3,395,319.95,1695,1695,1695,1895,1895,1,148.57
Mix,Kurta,0.3,395,319.95,1695,1695,1695,1895,1895,1,86.97
Mix,Kurta,0.3,395,319.95,1695,1695,1695,1895,1895,1,173.99
Mix,Kurta,0.3,395,319.95,1695,1695,1695,1895,1895,1,97.66
Mix,Kurta,0.3,395,319.95,1695,1695,1695,1895,1895,1,425.29
Mix,Kurta,0.3,395,319.95,1695,1695,1695,1895,1895,1,64.07
Mix,Kurta,0.3,395,319.95,1695,1695,1695,1895,1895,1,378.73
Mix,Kurta,0.3,395,319.95,1695,1695,1695,1895,1895,1,377.58
Mix,Kurta,0.3,395,319.95,1695,1695,1695,1895,1895,1,85.19
Mix,Kurta,0.3,395,319.95,1695,1695,1695,1895,1895,1,183.52
Mix,Kurta,0.3,395,319.95,1695,1695,1695,1895,1895,1,379.74
Mix,Kurta,0.3,395,319.95,1695,1695,1695,1895,1895,1,157.15
Mix,Kurta,0.3,395,319.95,1695,1695,1695,1895,1895,1,352.78
Mix,Kurta,0.3,395,319.95,1695,1695,1695,1895,1895,1,496.65
Mix,Kurta,0.3,395,319.95,1695,1695,1695,1895,1895,1,299.35
Mix,Kurta,0.3,395,319.95,1695,1695,1695,1895,1895,1,73.86
Mix,Kurta,0.3,395,319.95,1695,1695,1695,1695,1695,1,82.84
Mix,Kurta,0.3,395,319.95,1695,1695,1695,1695,1695,1,464.15
Mix,Kurta,0.3,395,319.95,1695,1695,1695,1695,1695,1,172.62
Mix,Kurta,0.3,395,319.95,1695,1695,1695,1695,1695,1,373.52
Mix,Kurta,0.3,395,319.95,1695,1695,1695,1695,1695,1,405.29
Mix,Kurta,0.3,395,319.95,1695,1695,1695,1695,1695,1,290.19
Mix,Kurta,0.3,395,319.95,1695,1695,1695,1895,1895,1,128.46
Mix,Kurta,0.3,395,319.95,1695,1695,1695,1895,1895,1,15.39
Mix,Kurta,0.3,395,319.95,1695,1695,1695,1895,1895,1,242.65
Mix,Kurta,0.3,395,319.95,1695,1695,1695,1895,1895,1,323.53
Mix,Kurta,0.3,395,319.95,1695,1695,1695,1895,1895,1,413.3
Mix,Kurta,0.3,395,319.95,1695,1695,1695,1895,1895,1,470.75
Mix,Kurta,0.3,395,319.95,1695,1695,1695,1695,1695,1,476.18
Mix,Kurta,0.3,395,319.95,1695,1695,1695,1695,1695,1,212.59
Mix,Kurta,0.3,395,319.95,1695,1695,1695,1695,1695,1,78.1
Mix,Kurta,0.3,395,319.95,1695,1695,1695,1695,1695,1,246.66
Mix,Kurta,0.3,395,319.95,1695,1695,1695,1695,1695,1,244.68
Mix,Kurta,0.3,395,319.95,1695,1695,1695,1695,1695,1,250.76
Mix,Kurta,0.3,395,319.95,1695,1695,1695,2495,2495,1,166.42
Mix,Kurta,0.3,395,319.95,1695,1695,1695,2495,2495,1,360.6
Mix,Kurta,0.3,395,319.95,1695,1695,1695,2495,2495,1,241.44
Mix,Kurta,0.3,395,319.95,1695,1695,1695,2495,2495,1,371.4
Mix,Kurta,0.3,395,319.95,1695,1695,1695,2495,2495,1,176.6
Mix,Kurta,0.3,395,319.95,1695,1695,1695,2495,2495,1,421.07
Mix,Kurta,0.3,425,344.25,1795,1795,1795,1795,1795,1,385.34
Mix,Kurta,0.3,425,344.25,1795,1795,1795,1795,1795,1,250.66
Mix,Kurta,0.3,425,344.25,1795,1795,1795,1795,1795,1,81.91
Mix,Kurta,0.3,425,344.25,1795,1795,1795,1795,1795,1,420.46
Mix,Kurta,0.3,425,344.25,1795,1795,1795,1795,1795,1,171.59
Mix,Kurta,0.3,425,344.25,1795,1795,1795,1795,1795,1,104.44
Mix,Kurta,0.3,395,319.95,1695,1695,1695,1695,1695,1,230.2
Mix,Kurta,0.3,395,319.95,1695,1695,1695,1695,1695,1,11.2
Mix,Kurta,0.3,395,319.95,1695,1695,1695,1695,1695,1,58.1
Mix,Kurta,0.3,395,319.95,1695,1695,1695,1695,1695,1,457.37
Mix,Kurta,0.3,395,319.95,1695,1695,1695,1695,1695,1,92.9
Mix,Kurta,0.3,395,319.95,1695,1695,1695,1695,1695,1,210.41
Mix,Kurta,0.3,395,319.95,1695,1695,1695,1695,1695,1,121.35
Mix,Kurta,0.3,395,319.95,1695,1695,1695,1695,1695,1,446.16
Mix,Kurta,0.3,395,319.95,1695,1695,1695,1695,1695,1,317.73
Mix,Kurta,0.3,395,319.95,1695,1695,1695,1695,1695,1,410.54
Mix,Kurta,0.3,395,319.95,1695,1695,1695,1695,1695,1,482.88
Mix,Kurta,0.3,395,319.95,1695,1695,1695,1695,1695,1,413.95
Mix,Kurta,0.3,395,319.95,1695,1695,1695,1695,1695,1,262.58
Mix,Gown,0.4,695,562.95,2795,2795,2795,2795,2795,1,120.26
Mix,Gown,0.4,695,562.95,2795,2795,2795,2795,2795,1,83.88
Mix,Gown,0.4,695,562.95,2795,2795,2795,2795,2795,1,167.29
Mix,Gown,0.4,695,562.95,2795,2795,2795,2795,2795,1,73.93
Mix,Gown,0.4,695,562.95,2795,2795,2795,2795,2795,1,122.24
Mix,Gown,0.4,695,562.95,2795,2795,2795,2795,2795,1,289.14
Mix,Gown,0.4,695,562.95,2795,2795,2795,2795,2795,1,28.07
Mix,Gown,0.4,695,562.95,2795,2795,2795,2795,2795,1,296.81
Mix,Gown,0.4,695,562.95,2795,2795,2795,2795,2795,1,35.26
Mix,Gown,0.4,695,562.95,2795,2795,2795,2795,2795,1,145.74
Mix,Gown,0.4,695,562.95,2795,2795,2795,2795,2795,1,496.91
Mix,Gown,0.4,695,562.95,2795,2795,2795,2795,2795,1,272.74
Mix,Gown,0.4,695,562.95,2795,2795,2795,2795,2795,1,141.96
Mix,Gown,0.4,695,562.95,2795,2795,2795,2795,2795,1,32.16
Mix,Gown,0.4,695,562.95,2795,2795,2795,2795,2795,1,75.05
Mix,Gown,0.4,695,562.95,2795,2795,2795,2795,2795,1,37.41
Mix,Gown,0.4,695,562.95,2795,2795,2795,2795,2795,1,32.22
Mix,Gown,0.4,695,562.95,2795,2795,2795,2795,2795,1,346.28
Mix,Gown,0.4,695,562.95,2795,2795,2795,2795,2795,1,346.26
Mix,Gown,0.4,695,562.95,2795,2795,2795,2795,2795,1,294.09
Mix,Kurta,0.3,395,319.95,1695,1695,1695,1695,1695,1,247.1
Mix,Kurta,0.3,395,319.95,1695,1695,1695,1695,1695,1,410.14
Mix,Kurta,0.3,395,319.95,1695,1695,1695,1695,1695,1,286.87
Mix,Kurta,0.3,395,319.95,1695,1695,1695,1695,1695,1,484.45
Mix,Kurta,0.3,395,319.95,1695,1695,1695,1695,1695,1,31.93
Mix,Kurta,0.3,395,319.95,1695,1695,1695,1695,1695,1,210.68
Mix,Kurta,0.3,395,319.95,1695,1695,1695,1695,1695,1,194.62
Mix,Kurta,0.3,395,319.95,1695,1695,1695,1695,1695,1,419.35
Mix,Kurta,0.3,395,319.95,1695,1695,1695,1695,1695,1,252.53
Mix,Kurta,0.3,395,319.95,1695,1695,1695,1695,1695,1,27.31
Mix,Kurta,0.3,395,319.95,1695,1695,1695,1695,1695,1,282.54
Mix,Kurta,0.3,395,319.95,1695,1695,1695,1695,1695,1,447.73
Mix,Kurta,0.3,395,319.95,1695,1695,1695,1695,1695,1,364.3
Mix,Kurta,0.3,395,319.95,1695,1695,1695,1695,1695,1,433.65
Mix,Kurta,0.3,395,319.95,1695,1695,1695,1695,1695,1,239.04
Mix,Kurta,0.3,395,319.95,1695,1695,1695,1695,1695,1,161.95
Mix,Kurta,0.3,395,319.95,1695,1695,1695,1695,1695,1,102.85
Mix,Kurta,0.3,395,319.95,1695,1695,1695,1695,1695,1,44.48
Mix,Kurta,0.3,395,319.95,1695,1695,1695,1695,1695,1,347.53
Mix,Kurta,0.3,395,319.95,1695,1695,1695,1695,1695,1,473.61
Mix,Kurta,0.3,395,319.95,1695,1695,1695,1695,1695,1,424.45
Mix,Kurta,0.3,395,319.95,1695,1695,1695,1695,1695,1,221.21
Mix,Kurta,0.3,395,319.95,1695,1695,1695,1695,1695,1,446.65
Mix,Kurta,0.3,395,319.95,1695,1695,1695,1695,1695,1,218.7
Mix,Kurta,0.3,395,319.95,1695,1695,1695,1695,1695,1,406.35
Mix,Kurta,0.3,395,319.95,1695,1695,1695,1695,1695,1,348.1
Mix,Kurta,0.3,395,319.95,1695,1695,1695,1695,1695,1,243.03
Mix,Kurta,0.3,395,319.95,1695,1695,1695,1695,1695,1,137.02
Mix,Kurta,0.3,395,319.95,1695,1695,1695,1695,1695,1,74.45
Mix,Kurta,0.3,395,319.95,1695,1695,1695,1695,1695,1,173.05
Mix,Kurta,0.3,395,319.95,1695,1695,1695,1695,1695,1,335.83
Mix,Kurta,0.3,395,319.95,1695,1695,1695,1695,1695,1,101.61
Mix,Kurta,0.3,395,319.95,1695,1695,1695,1695,1695,1,464.77
Mix,Kurta,0.3,395,319.95,1695,1695,1695,1695,1695,1,310.86
Mix,Kurta,0.3,395,319.95,1695,1695,1695,1695,1695,1,199.95
Mix,Kurta,0.3,395,319.95,1695,1695,1695,1695,1695,1,23.31
Mix,Kurta,0.3,395,319.95,1695,1695,1695,1695,1695,1,390.88
Mix,Kurta,0.3,395,319.95,1695,1695,1695,1695,1695,1,424.08
Mix,Kurta,0.3,395,319.95,1695,1695,1695,1695,1695,1,62.08
Mix,Kurta,0.3,395,319.95,1695,1695,1695,1695,1695,1,216.1
Mix,Kurta,0.3,395,319.95,1695,1695,1695,1695,1695,1,299.76
Mix,Kurta,0.3,395,319.95,1695,1695,1695,1695,1695,1,392.86
Mix,Kurta,0.3,395,319.95,1695,1695,1695,1695,1695,1,140.24
Mix,Kurta,0.3,395,319.95,1695,1695,1695,1695,1695,1,271.83
Mix,Kurta,0.3,395,319.95,1695,1695,1695,1695,1695,1,348.84
Mix,Kurta,0.3,395,319.95,1695,1695,1695,1695,1695,1,243.84
Mix,Kurta,0.3,395,319.95,1695,1695,1695,1695,1695,1,99.22
Mix,Kurta,0.3,395,319.95,1695,1695,1695,1695,1695,1,292.52
Mix,Kurta,0.3,425,344.25,1795,1795,1795,1795,1795,1,301.93
Mix,Kurta,0.3,425,344.25,1795,1795,1795,1795,1795,1,88.76
Mix,Kurta,0.3,425,344.25,1795,1795,1795,1795,1795,1,371.86
Mix,Kurta,0.3,425,344.25,1795,1795,1795,1795,1795,1,479.18
Mix,Kurta,0.3,425,344.25,1795,1795,1795,1795,1795,1,194.44
Mix,Kurta,0.3,425,344.25,1795,1795,1795,1795,1795,1,178.95
Surmaya,Kurta Set,0.4,1040,842.40,2495,2495,2495,2495,2495,1,469.19
Surmaya,Kurta Set,0.4,1040,842.40,2495,2495,2495,2495,2495,1,58.05
Surmaya,Kurta Set,0.4,1040,842.40,2495,2495,2495,2495,2495,1,48.51
Surmaya,Kurta Set,0.4,1040,842.40,2495,2495,2495,2495,2495,1,358.76
Surmaya,Kurta Set,0.4,1040,842.40,2495,2495,2495,2495,2495,1,229.52
Surmaya,Kurta Set,0.4,1040,842.40,2495,2495,2495,2495,2495,1,420.25
Surmaya,Kurta Set,0.4,1040,842.40,2495,2495,2495,2495,2495,1,262.46
Surmaya,Kurta Set,0.4,1040,842.40,2495,2495,2495,2495,2495,1,328.92
Surmaya,Kurta Set,0.4,1040,842.40,2495,2495,2495,2495,2495,1,184.18
Surmaya,Kurta Set,0.4,1040,842.40,2495,2495,2495,2495,2495,1,305.5
Surmaya,Kurta Set,0.4,1040,842.40,2495,2495,2495,2495,2495,1,32.46
Surmaya,Kurta Set,0.4,1040,842.40,2495,2495,2495,2495,2495,1,209.23
Surmaya,Kurta Set,0.4,950,769.50,2495,2495,2495,2495,2495,1,99.47
Surmaya,Kurta Set,0.4,950,769.50,2495,2495,2495,2495,2495,1,53.02
Surmaya,Kurta Set,0.4,950,769.50,2495,2495,2495,2495,2495,1,275.59
Surmaya,Kurta Set,0.4,950,769.50,2495,2495,2495,2495,2495,1,406.33
Surmaya,Kurta Set,0.4,950,769.50,2495,2495,2495,2495,2495,1,486.64
Surmaya,Kurta Set,0.4,950,769.50,2495,2495,2495,2495,2495,1,234.17
Surmaya,Kurta Set,0.4,940,761.40,2150,2150,2150,2150,2150,1,234.99
Surmaya,Kurta Set,0.4,940,761.40,2150,2150,2150,2150,2150,1,67.13
Surmaya,Kurta Set,0.4,940,761.40,2150,2150,2150,2150,2150,1,418.91
Surmaya,Kurta Set,0.4,940,761.40,2150,2150,2150,2150,2150,1,219.45
Surmaya,Kurta Set,0.4,940,761.40,2150,2150,2150,2150,2150,1,82.81
Surmaya,Kurta Set,0.4,940,761.40,2150,2150,2150,2150,2150,1,433.38
Surmaya,Kurta Set,0.4,925,749.25,2250,2250,2250,2250,2250,1,96.88
Surmaya,Kurta Set,0.4,925,749.25,2250,2250,2250,2250,2250,1,320.23
Surmaya,Kurta Set,0.4,925,749.25,2250,2250,2250,2250,2250,1,220.75
Surmaya,Kurta Set,0.4,925,749.25,2250,2250,2250,2250,2250,1,447.41
Surmaya,Kurta Set,0.4,925,749.25,2250,2250,2250,2250,2250,1,291.05
Surmaya,Kurta Set,0.4,925,749.25,2250,2250,2250,2250,2250,1,469.48
Surmaya,Kurta Set,0.4,900,729.00,1995,1995,1995,1995,1995,1,426.77
Surmaya,Kurta Set,0.4,900,729.00,1995,1995,1995,1995,1995,1,110.72
Surmaya,Kurta Set,0.4,900,729.00,1995,1995,1995,1995,1995,1,282.55
Surmaya,Kurta Set,0.4,900,729.00,1995,1995,1995,1995,1995,1,164.33
Surmaya,Kurta Set,0.4,900,729.00,1995,1995,1995,1995,1995,1,142.2
Surmaya,Kurta Set,0.4,900,729.00,1995,1995,1995,1995,1995,1,98.33
Surmaya,Kurta Set,0.4,1150,931.50,2695,2695,2695,2695,2695,1,159.16
Surmaya,Kurta Set,0.4,1150,931.50,2695,2695,2695,2695,2695,1,259.5
Surmaya,Kurta Set,0.4,1150,931.50,2695,2695,2695,2695,2695,1,335.24
Surmaya,Kurta Set,0.4,1150,931.50,2695,2695,2695,2695,2695,1,392.74
Surmaya,Kurta Set,0.4,1150,931.50,2695,2695,2695,2695,2695,1,250.19
Surmaya,Kurta Set,0.4,1150,931.50,2695,2695,2695,2695,2695,1,384.9
Surmaya,Kurta Set,0.4,1150,931.50,2695,2695,2695,2695,2695,1,16.93
Surmaya,Kurta Set,0.4,1150,931.50,2695,2695,2695,2695,2695,1,491.28
Surmaya,Kurta Set,0.4,1150,931.50,2695,2695,2695,2695,2695,1,405.27
Surmaya,Kurta Set,0.4,1150,931.50,2695,2695,2695,2695,2695,1,204.82
Surmaya,Kurta Set,0.4,1150,931.50,2695,2695,2695,2695,2695,1,301.25
Surmaya,Kurta Set,0.4,1150,931.50,2695,2695,2695,2695,2695,1,282.57
Surmaya,Kurta Set,0.4,910,737.10,2150,2150,2150,2150,2150,1,411.97
Surmaya,Kurta Set,0.4,910,737.10,2150,2150,2150,2150,2150,1,283.82
Surmaya,Kurta Set,0.4,910,737.10,2150,2150,2150,2150,2150,1,476.34
Surmaya,Kurta Set,0.4,910,737.10,2150,2150,2150,2150,2150,1,159.04
Surmaya,Kurta Set,0.4,910,737.10,2150,2150,2150,2150,2150,1,143.8
Surmaya,Kurta Set,0.4,910,737.10,2150,2150,2150,2150,2150,1,182.21
Mix,Tops,0.2,361,292.41,1595,1595,1595,1595,1595,1,12.99
Mix,Tops,0.2,361,292.41,1595,1595,1595,1595,1595,1,417.39
Mix,Tops,0.2,361,292.41,1595,1595,1595,1595,1595,1,321.58
Mix,Tops,0.2,361,292.41,1595,1595,1595,1595,1595,1,106.07
Mix,Tops,0.2,361,292.41,1595,1595,1595,1595,1595,1,224.07
Mix,Tops,0.2,375,303.75,1695,1695,1695,1695,1695,1,391.78
Mix,Tops,0.2,375,303.75,1695,1695,1695,1695,1695,1,452.92
Mix,Tops,0.2,375,303.75,1695,1695,1695,1695,1695,1,255.68
Mix,Tops,0.2,375,303.75,1695,1695,1695,1695,1695,1,465.69
Mix,Tops,0.2,375,303.75,1695,1695,1695,1695,1695,1,247.76
Mix,Kurta,0.3,435,352.35,1795,1795,1795,1795,1795,1,92.23
Mix,Kurta,0.3,435,352.35,1795,1795,1795,1795,1795,1,428.56
Mix,Kurta,0.3,435,352.35,1795,1795,1795,1795,1795,1,480.08
Mix,Kurta,0.3,435,352.35,1795,1795,1795,1795,1795,1,359.65
Mix,Kurta,0.3,435,352.35,1795,1795,1795,1795,1795,1,119.38
Mix,Kurta,0.3,435,352.35,1795,1795,1795,1795,1795,1,454.75
Mix,Tops,0.2,395,319.95,1695,1695,1695,1695,1695,1,170.48
Mix,Tops,0.2,395,319.95,1695,1695,1695,1695,1695,1,225.72
Mix,Tops,0.2,395,319.95,1695,1695,1695,1695,1695,1,401.08
Mix,Tops,0.2,395,319.95,1695,1695,1695,1695,1695,1,181.41
Mix,Tops,0.2,395,319.95,1695,1695,1695,1695,1695,1,431.63
Mix,Tops,0.2,425,344.25,1795,1795,1795,1795,1795,1,292.72
Mix,Tops,0.2,425,344.25,1795,1795,1795,1795,1795,1,287.57
Mix,Tops,0.2,425,344.25,1795,1795,1795,1795,1795,1,106.26
Mix,Tops,0.2,425,344.25,1795,1795,1795,1795,1795,1,171.21
Mix,Tops,0.2,425,344.25,1795,1795,1795,1795,1795,1,290.82
Mix,Tops,0.2,450,364.50,1895,1895,1895,1895,1895,1,235.75
Mix,Tops,0.2,450,364.50,1895,1895,1895,1895,1895,1,136.75
Mix,Tops,0.2,450,364.50,1895,1895,1895,1895,1895,1,301.02
Mix,Tops,0.2,450,364.50,1895,1895,1895,1895,1895,1,467.19
Mix,Tops,0.2,450,364.50,1895,1895,1895,1895,1895,1,223.07
Mix,Tops,0.2,415,336.15,1795,1795,1795,1795,1795,1,462.76
Mix,Tops,0.2,415,336.15,1795,1795,1795,1795,1795,1,137.05
Mix,Tops,0.2,415,336.15,1795,1795,1795,1795,1795,1,263.66
Mix,Tops,0.2,415,336.15,1795,1795,1795,1795,1795,1,423.98
Mix,Tops,0.2,415,336.15,1795,1795,1795,1795,1795,1,445.51
Surmaya,Kurta Set,0.4,825,668.25,1895,1895,1895,1895,1895,1,186.98
Surmaya,Kurta Set,0.4,825,668.25,1895,1895,1895,1895,1895,1,457.08
Surmaya,Kurta Set,0.4,825,668.25,1895,1895,1895,1895,1895,1,306.41
Surmaya,Kurta Set,0.4,825,668.25,1895,1895,1895,1895,1895,1,448.92
Surmaya,Kurta Set,0.4,825,668.25,1895,1895,1895,1895,1895,1,317.42
Surmaya,Kurta Set,0.4,825,668.25,1895,1895,1895,1895,1895,1,245.89
Surmaya,Kurta Set,0.4,950,769.50,2495,2495,2495,2495,2495,1,99.89
Surmaya,Kurta Set,0.4,950,769.50,2495,2495,2495,2495,2495,1,306.42
Surmaya,Kurta Set,0.4,950,769.50,2495,2495,2495,2495,2495,1,435.1
Surmaya,Kurta Set,0.4,950,769.50,2495,2495,2495,2495,2495,1,173.6
Surmaya,Kurta Set,0.4,950,769.50,2495,2495,2495,2495,2495,1,62.02
Surmaya,Kurta Set,0.4,950,769.50,2495,2495,2495,2495,2495,1,130.07
Surmaya,Kurta Set,0.4,895,724.95,2195,2195,2195,2195,2195,1,472.76
Surmaya,Kurta Set,0.4,895,724.95,2195,2195,2195,2195,2195,1,59.47
Surmaya,Kurta Set,0.4,895,724.95,2195,2195,2195,2195,2195,1,136.27
Surmaya,Kurta Set,0.4,895,724.95,2195,2195,2195,2195,2195,1,133.76
Surmaya,Kurta Set,0.4,895,724.95,2195,2195,2195,2195,2195,1,447.38
Surmaya,Kurta Set,0.4,895,724.95,2195,2195,2195,2195,2195,1,322.52
Surmaya,Kurta Set,0.4,875,708.75,2050,2050,2050,2050,2050,1,286.39
Surmaya,Kurta Set,0.4,875,708.75,2050,2050,2050,2050,2050,1,463.49
Surmaya,Kurta Set,0.4,875,708.75,2050,2050,2050,2050,2050,1,246.32
Surmaya,Kurta Set,0.4,875,708.75,2050,2050,2050,2050,2050,1,38.56
Surmaya,Kurta Set,0.4,875,708.75,2050,2050,2050,2050,2050,1,470.24
Surmaya,Kurta Set,0.4,875,708.75,2050,2050,2050,2050,2050,1,281.95
Surmaya,Kurta Set,0.4,1050,850.50,2395,2395,2395,2395,2395,1,192.05
Surmaya,Kurta Set,0.4,1050,850.50,2395,2395,2395,2395,2395,1,347.51
Surmaya,Kurta Set,0.4,1050,850.50,2395,2395,2395,2395,2395,1,446.69
Surmaya,Kurta Set,0.4,1050,850.50,2395,2395,2395,2395,2395,1,470.06
Surmaya,Kurta Set,0.4,1050,850.50,2395,2395,2395,2395,2395,1,139.18
Surmaya,Kurta Set,0.4,1050,850.50,2395,2395,2395,2395,2395,1,386.07
Surmaya,Kurta Set,0.4,510,413.10,1895,1895,1895,1895,1895,1,454.03
Surmaya,Kurta Set,0.4,510,413.10,1895,1895,1895,1895,1895,1,86.68
Surmaya,Kurta Set,0.4,510,413.10,1895,1895,1895,1895,1895,1,410.87
Surmaya,Kurta Set,0.4,510,413.10,1895,1895,1895,1895,1895,1,477.01
Surmaya,Kurta Set,0.4,510,413.10,1895,1895,1895,1895,1895,1,91.19
Surmaya,Kurta Set,0.4,510,413.10,1895,1895,1895,1895,1895,1,83.78
Surmaya,Kurta Set,0.4,825,668.25,1895,1895,1895,1895,1895,1,368.17
Surmaya,Kurta Set,0.4,825,668.25,1895,1895,1895,1895,1895,1,282.83
Surmaya,Kurta Set,0.4,825,668.25,1895,1895,1895,1895,1895,1,420.37
Surmaya,Kurta Set,0.4,825,668.25,1895,1895,1895,1895,1895,1,81.0
Surmaya,Kurta Set,0.4,825,668.25,1895,1895,1895,1895,1895,1,240.34
Surmaya,Kurta Set,0.4,825,668.25,1895,1895,1895,1895,1895,1,385.07
Surmaya,Kurta Set,0.4,845,684.45,1995,1995,1995,1995,1995,1,315.41
Surmaya,Kurta Set,0.4,845,684.45,1995,1995,1995,1995,1995,1,211.92
Surmaya,Kurta Set,0.4,845,684.45,1995,1995,1995,1995,1995,1,464.02
Surmaya,Kurta Set,0.4,845,684.45,1995,1995,1995,1995,1995,1,200.27
Surmaya,Kurta Set,0.4,845,684.45,1995,1995,1995,1995,1995,1,395.77
Surmaya,Kurta Set,0.4,845,684.45,1995,1995,1995,1995,1995,1,320.07
Surmaya,Kurta Set,0.4,695,562.95,1895,1895,1895,1895,1895,1,196.83
Surmaya,Kurta Set,0.4,695,562.95,1895,1895,1895,1895,1895,1,470.87
Surmaya,Kurta Set,0.4,695,562.95,1895,1895,1895,1895,1895,1,256.29
Surmaya,Kurta Set,0.4,695,562.95,1895,1895,1895,1895,1895,1,218.8
Surmaya,Kurta Set,0.4,695,562.95,1895,1895,1895,1895,1895,1,189.69
Surmaya,Kurta Set,0.4,695,562.95,1895,1895,1895,1895,1895,1,120.23
Surmaya,Kurta Set,0.4,1140,923.40,2595,2595,2595,2595,2595,1,428.37
Surmaya,Kurta Set,0.4,1140,923.40,2595,2595,2595,2595,2595,1,189.05
Surmaya,Kurta Set,0.4,1140,923.40,2595,2595,2595,2595,2595,1,445.41
Surmaya,Kurta Set,0.4,1140,923.40,2595,2595,2595,2595,2595,1,247.23
Surmaya,Kurta Set,0.4,1140,923.40,2595,2595,2595,2595,2595,1,349.23
Surmaya,Kurta Set,0.4,1140,923.40,2595,2595,2595,2595,2595,1,452.17
Surmaya,Kurta Set,0.4,980,793.80,2295,2295,2295,2295,2295,1,423.64
Surmaya,Kurta Set,0.4,980,793.80,2295,2295,2295,2295,2295,1,36.57
Surmaya,Kurta Set,0.4,980,793.80,2295,2295,2295,2295,2295,1,33.88
Surmaya,Kurta Set,0.4,980,793.80,2295,2295,2295,2295,2295,1,453.08
Surmaya,Kurta Set,0.4,980,793.80,2295,2295,2295,2295,2295,1,377.17
Surmaya,Kurta Set,0.4,980,793.80,2295,2295,2295,2295,2295,1,164.23
Surmaya,Kurta Set,0.4,950,769.50,2495,2495,2495,2495,2495,1,30.96
Surmaya,Kurta Set,0.4,950,769.50,2495,2495,2495,2495,2495,1,215.38
Surmaya,Kurta Set,0.4,950,769.50,2495,2495,2495,2495,2495,1,240.23
Surmaya,Kurta Set,0.4,950,769.50,2495,2495,2495,2495,2495,1,297.08
Surmaya,Kurta Set,0.4,950,769.50,2495,2495,2495,2495,2495,1,423.05
Surmaya,Kurta Set,0.4,950,769.50,2495,2495,2495,2495,2495,1,168.26
Four Gems 2,Kurta Set,0.4,680,550.80,2795,2795,2995,2795,2795,1,313.4
Four Gems 2,Kurta Set,0.4,680,550.80,2795,2795,2995,2795,2795,1,285.99
Four Gems 2,Kurta Set,0.4,680,550.80,2795,2795,2995,2795,2795,1,83.27
Four Gems 2,Kurta Set,0.4,680,550.80,2795,2795,2995,2795,2795,1,320.59
Four Gems 2,Kurta Set,0.4,680,550.80,2795,2795,2995,2795,2795,1,186.31
Four Gems 2,Kurta Set,0.4,680,550.80,2795,2795,2995,2795,2795,1,17.72
Four Gems 2,Kurta Set,0.4,680,550.80,2795,2795,2995,2795,2795,1,285.45
Four Gems 2,Kurta Set,0.4,680,550.80,2795,2795,2995,2795,2795,1,473.05
Four Gems 2,Kurta Set,0.4,680,550.80,2795,2795,2995,2795,2795,1,499.27
Four Gems 2,Kurta Set,0.4,680,550.80,2795,2795,2995,2795,2795,1,408.87
Four Gems 2,Kurta Set,0.4,680,550.80,2795,2795,2995,2795,2795,1,164.92
Four Gems 2,Kurta Set,0.4,680,550.80,2795,2795,2995,2795,2795,1,401.3
Four Gems 2,Kurta Set,0.4,680,550.80,2795,2795,2995,2795,2795,1,472.32
Four Gems 2,Kurta Set,0.4,680,550.80,2795,2795,2995,2795,2795,1,145.4
Four Gems 2,Kurta Set,0.4,680,550.80,2795,2795,2995,2795,2795,1,436.6
Four Gems 2,Kurta Set,0.4,680,550.80,2795,2795,2995,2795,2795,1,267.8
Four Gems 2,Kurta Set,0.4,680,550.80,2795,2795,2995,2795,2795,1,157.99
Four Gems 2,Kurta Set,0.4,680,550.80,2795,2795,2995,2795,2795,1,32.26
Four Gems 2,Kurta Set,0.4,680,550.80,2795,2795,2995,2795,2795,1,361.45
Four Gems 2,Kurta Set,0.4,680,550.80,2795,2795,2995,2795,2795,1,441.55
Four Gems 2,Kurta Set,0.4,680,550.80,2795,2795,2995,2795,2795,1,248.97
Four Gems 2,Kurta Set,0.4,680,550.80,2795,2795,2995,2795,2795,1,113.39
Four Gems 2,Kurta Set,0.4,680,550.80,2795,2795,2995,2795,2795,1,275.46
Four Gems 2,Kurta Set,0.4,680,550.80,2795,2795,2995,2795,2795,1,12.9
Mix,Kurta,0.3,425,344.25,1995,1995,1995,1995,1995,1,82.72
Mix,Kurta,0.3,425,344.25,1995,1995,1995,1995,1995,1,265.81
Mix,Kurta,0.3,425,344.25,1995,1995,1995,1995,1995,1,13.37
Mix,Kurta,0.3,425,344.25,1995,1995,1995,1995,1995,1,230.25
Mix,Kurta,0.3,425,344.25,1995,1995,1995,1995,1995,1,282.6
Mix,Kurta,0.3,425,344.25,1995,1995,1995,1995,1995,1,312.73
Mix,Kurta,0.3,425,344.25,1995,1995,1995,1895,1895,1,215.83
Mix,Kurta,0.3,425,344.25,1995,1995,1995,1895,1895,1,271.79
Mix,Kurta,0.3,425,344.25,1995,1995,1995,1895,1895,1,447.92
Mix,Kurta,0.3,425,344.25,1995,1995,1995,1895,1895,1,253.41
Mix,Kurta,0.3,425,344.25,1995,1995,1995,1895,1895,1,291.48
Mix,Kurta,0.3,425,344.25,1995,1995,1995,1895,1895,1,230.54
Mix,Kurta,0.3,425,344.25,1995,1995,1995,1995,1995,1,226.95
Mix,Kurta,0.3,425,344.25,1995,1995,1995,1995,1995,1,193.13
Mix,Kurta,0.3,425,344.25,1995,1995,1995,1995,1995,1,263.79
Mix,Kurta,0.3,425,344.25,1995,1995,1995,1995,1995,1,130.91
Mix,Kurta,0.3,425,344.25,1995,1995,1995,1995,1995,1,486.74
Mix,Kurta,0.3,425,344.25,1995,1995,1995,1995,1995,1,24.2
Mix,Kurta,0.3,220,178.20,1195,1195,1195,1195,1195,1,183.54
Mix,Kurta,0.3,220,178.20,1195,1195,1195,1195,1195,1,486.56
Mix,Kurta,0.3,220,178.20,1195,1195,1195,1195,1195,1,202.58
Mix,Kurta,0.3,220,178.20,1195,1195,1195,1195,1195,1,172.77
Mix,Kurta,0.3,220,178.20,1195,1195,1195,1195,1195,1,441.29
Surmaya,Kurta,0.3,525,425.25,1250,1250,1250,1250,1250,1,382.9
Surmaya,Kurta,0.3,525,425.25,1250,1250,1250,1250,1250,1,261.22
Surmaya,Kurta,0.3,525,425.25,1250,1250,1250,1250,1250,1,65.01
Surmaya,Kurta,0.3,525,425.25,1250,1250,1250,1250,1250,1,134.17
Surmaya,Kurta,0.3,525,425.25,1250,1250,1250,1250,1250,1,12.66
Surmaya,Kurta,0.3,525,425.25,1250,1250,1250,1250,1250,1,195.89
Surmaya,Kurta Set,0.4,880,712.80,1895,1895,1895,1895,1895,1,113.3
Surmaya,Kurta Set,0.4,880,712.80,1895,1895,1895,1895,1895,1,303.93
Surmaya,Kurta Set,0.4,880,712.80,1895,1895,1895,1895,1895,1,383.86
Surmaya,Kurta Set,0.4,880,712.80,1895,1895,1895,1895,1895,1,134.6
Surmaya,Kurta Set,0.4,880,712.80,1895,1895,1895,1895,1895,1,339.64
Surmaya,Kurta Set,0.4,880,712.80,1895,1895,1895,1895,1895,1,487.0
Mix,Kurta,0.3,425,344.25,1995,1995,1995,1695,1695,1,105.57
Mix,Kurta,0.3,425,344.25,1995,1995,1995,1695,1695,1,323.52
Mix,Kurta,0.3,425,344.25,1995,1995,1995,1695,1695,1,84.31
Mix,Kurta,0.3,425,344.25,1995,1995,1995,1695,1695,1,405.47
Mix,Kurta,0.3,425,344.25,1995,1995,1995,1695,1695,1,269.86
Mix,Kurta,0.3,425,344.25,1995,1995,1995,1695,1695,1,227.09
Mix,Kurta,0.3,410,332.10,1895,1895,1895,1895,1895,1,28.67
Mix,Kurta,0.3,410,332.10,1895,1895,1895,1895,1895,1,356.36
Mix,Kurta,0.3,410,332.10,1895,1895,1895,1895,1895,1,393.66
Mix,Kurta,0.3,410,332.10,1895,1895,1895,1895,1895,1,475.57
Mix,Kurta,0.3,410,332.10,1895,1895,1895,1895,1895,1,282.96
Mix,Kurta,0.3,410,332.10,1895,1895,1895,1895,1895,1,168.87
Mix,Kurta,0.3,410,332.10,1895,1895,1895,1895,1895,1,312.3
Mix,Kurta,0.3,410,332.10,1895,1895,1895,1895,1895,1,353.79
Mix,Kurta,0.3,410,332.10,1895,1895,1895,1895,1895,1,99.85
Mix,Kurta,0.3,410,332.10,1895,1895,1895,1895,1895,1,47.41
Mix,Kurta,0.3,410,332.10,1895,1895,1895,1895,1895,1,293.75
Mix,Kurta,0.3,410,332.10,1895,1895,1895,1895,1895,1,167.04
Mix,Kurta,0.3,395,319.95,1895,1895,1895,1895,1895,1,62.58
Mix,Kurta,0.3,395,319.95,1895,1895,1895,1895,1895,1,388.8
Mix,Kurta,0.3,395,319.95,1895,1895,1895,1895,1895,1,329.42
Mix,Kurta,0.3,395,319.95,1895,1895,1895,1895,1895,1,369.77
Mix,Kurta,0.3,395,319.95,1895,1895,1895,1895,1895,1,128.79
Mix,Kurta,0.3,395,319.95,1895,1895,1895,1895,1895,1,406.71
Mix,Kurta,0.3,395,319.95,1895,1895,1895,1895,1895,1,332.42
Mix,Kurta,0.3,395,319.95,1895,1895,1895,1895,1895,1,369.09
Mix,Kurta,0.3,395,319.95,1895,1895,1895,1895,1895,1,336.27
Mix,Kurta,0.3,395,319.95,1895,1895,1895,1895,1895,1,493.13
Mix,Kurta,0.3,395,319.95,1895,1895,1895,1895,1895,1,118.82
Mix,Kurta,0.3,395,319.95,1895,1895,1895,1895,1895,1,384.55
Mix,Kurta,0.3,395,319.95,1895,1895,1895,1895,1895,1,383.17
Mix,Kurta,0.3,395,319.95,1895,1895,1895,1895,1895,1,446.11
Mix,Kurta,0.3,395,319.95,1895,1895,1895,1895,1895,1,449.17
Mix,Kurta,0.3,395,319.95,1895,1895,1895,1895,1895,1,350.11
Mix,Kurta,0.3,395,319.95,1895,1895,1895,1895,1895,1,123.85
Mix,Kurta,0.3,395,319.95,1895,1895,1895,1895,1895,1,135.38
Mix,Kurta,0.3,385,311.85,1895,1895,1895,1895,1895,1,126.03
Mix,Kurta,0.3,385,311.85,1895,1895,1895,1895,1895,1,48.17
Mix,Kurta,0.3,385,311.85,1895,1895,1895,1895,1895,1,370.79
Mix,Kurta,0.3,385,311.85,1895,1895,1895,1895,1895,1,230.92
Mix,Kurta,0.3,385,311.85,1895,1895,1895,1895,1895,1,53.71
Mix,Kurta,0.3,385,311.85,1895,1895,1895,1895,1895,1,432.18
Mix,Kurta,0.3,385,311.85,1895,1895,1895,1895,1895,1,391.09
Mix,Kurta,0.3,385,311.85,1895,1895,1895,1895,1895,1,391.39
Mix,Kurta,0.3,385,311.85,1895,1895,1895,1895,1895,1,389.28
Mix,Kurta,0.3,385,311.85,1895,1895,1895,1895,1895,1,277.98
Mix,Kurta,0.3,385,311.85,1895,1895,1895,1895,1895,1,249.84
Mix,Kurta,0.3,385,311.85,1895,1895,1895,1895,1895,1,282.64
Mix,Kurta,0.3,220,178.20,1395,1395,1395,1395,1395,1,191.94
Mix,Kurta,0.3,220,178.20,1395,1395,1395,1395,1395,1,175.1
Mix,Kurta,0.3,220,178.20,1395,1395,1395,1395,1395,1,420.96
Mix,Kurta,0.3,220,178.20,1395,1395,1395,1395,1395,1,62.41
Mix,Kurta,0.3,220,178.20,1395,1395,1395,1395,1395,1,373.21
Mix,Kurta,0.3,220,178.20,1395,1395,1395,1395,1395,1,134.17
Mix,Kurta,0.3,500,405.00,2095,2095,2095,2095,2095,1,24.75
Mix,Kurta,0.3,500,405.00,2095,2095,2095,2095,2095,1,149.63
Mix,Kurta,0.3,500,405.00,2095,2095,2095,2095,2095,1,201.27
Mix,Kurta,0.3,500,405.00,2095,2095,2095,2095,2095,1,390.17
Mix,Kurta,0.3,500,405.00,2095,2095,2095,2095,2095,1,249.02
Mix,Kurta,0.3,500,405.00,2095,2095,2095,2095,2095,1,10.29
Surmaya,Kurta Set,0.4,1035,838.35,2295,2295,2295,2295,2295,1,114.35
Surmaya,Kurta Set,0.4,1035,838.35,2295,2295,2295,2295,2295,1,426.6
Surmaya,Kurta Set,0.4,1035,838.35,2295,2295,2295,2295,2295,1,97.55
Surmaya,Kurta Set,0.4,1035,838.35,2295,2295,2295,2295,2295,1,141.2
Surmaya,Kurta Set,0.4,1035,838.35,2295,2295,2295,2295,2295,1,134.6
Surmaya,Kurta Set,0.4,1035,838.35,2295,2295,2295,2295,2295,1,47.96
Surmaya,Kurta Set,0.4,975,789.75,2150,2150,2150,2150,2150,1,157.59
Surmaya,Kurta Set,0.4,975,789.75,2150,2150,2150,2150,2150,1,16.99
Surmaya,Kurta Set,0.4,975,789.75,2150,2150,2150,2150,2150,1,62.11
Surmaya,Kurta Set,0.4,975,789.75,2150,2150,2150,2150,2150,1,343.82
Surmaya,Kurta Set,0.4,975,789.75,2150,2150,2150,2150,2150,1,346.69
Surmaya,Kurta Set,0.4,975,789.75,2150,2150,2150,2150,2150,1,223.9
Surmaya,Kurta Set,0.4,1150,931.50,2695,2695,2695,2695,2695,1,51.7
Surmaya,Kurta Set,0.4,1150,931.50,2695,2695,2695,2695,2695,1,148.41
Surmaya,Kurta Set,0.4,1150,931.50,2695,2695,2695,2695,2695,1,312.81
Surmaya,Kurta Set,0.4,1150,931.50,2695,2695,2695,2695,2695,1,442.28
Surmaya,Kurta Set,0.4,1150,931.50,2695,2695,2695,2695,2695,1,293.43
Surmaya,Kurta Set,0.4,1150,931.50,2695,2695,2695,2695,2695,1,277.54
Surmaya,Kurta Set,0.4,930,753.30,2195,2195,2195,2195,2195,1,232.46
Surmaya,Kurta Set,0.4,930,753.30,2195,2195,2195,2195,2195,1,49.87
Surmaya,Kurta Set,0.4,930,753.30,2195,2195,2195,2195,2195,1,158.8
Surmaya,Kurta Set,0.4,930,753.30,2195,2195,2195,2195,2195,1,234.04
Surmaya,Kurta Set,0.4,930,753.30,2195,2195,2195,2195,2195,1,247.36
Surmaya,Kurta Set,0.4,930,753.30,2195,2195,2195,2195,2195,1,327.45
Surmaya,Kurta Set,0.4,780,631.80,1795,1795,1795,1795,1795,1,248.46
Surmaya,Kurta Set,0.4,780,631.80,1795,1795,1795,1795,1795,1,151.51
Surmaya,Kurta Set,0.4,780,631.80,1795,1795,1795,1795,1795,1,173.84
Surmaya,Kurta Set,0.4,780,631.80,1795,1795,1795,1795,1795,1,110.87
Surmaya,Kurta Set,0.4,780,631.80,1795,1795,1795,1795,1795,1,293.4
Surmaya,Kurta Set,0.4,780,631.80,1795,1795,1795,1795,1795,1,482.09
Mix,Tops,0.2,340,275.40,1695,1695,1695,1695,1695,1,321.84
Mix,Tops,0.2,340,275.40,1695,1695,1695,1695,1695,1,283.13
Mix,Tops,0.2,340,275.40,1695,1695,1695,1695,1695,1,31.3
Mix,Tops,0.2,340,275.40,1695,1695,1695,1695,1695,1,485.5
Mix,Tops,0.2,340,275.40,1695,1695,1695,1695,1695,1,309.42
Mix,Tops,0.2,425,344.25,1795,1795,1995,1995,1995,1,188.22
Mix,Tops,0.2,425,344.25,1795,1795,1995,1995,1995,1,64.53
Mix,Tops,0.2,425,344.25,1795,1795,1995,1995,1995,1,287.97
Mix,Tops,0.2,425,344.25,1795,1795,1995,1995,1995,1,75.17
Mix,Tops,0.2,425,344.25,1795,1795,1995,1995,1995,1,217.7
Mix,Kurta,0.3,440,356.40,1795,1795,1795,2195,2195,1,293.6
Mix,Kurta,0.3,440,356.40,1795,1795,1795,2195,2195,1,148.16
Mix,Kurta,0.3,440,356.40,1795,1795,1795,2195,2195,1,75.71
Mix,Kurta,0.3,440,356.40,1795,1795,1795,2195,2195,1,36.57
Mix,Kurta,0.3,440,356.40,1795,1795,1795,2195,2195,1,276.89
Mix,Kurta,0.3,440,356.40,1795,1795,1795,2195,2195,1,336.72
Mix,Kurta,0.3,540,437.40,2395,2395,2395,2695,2695,1,80.97
Mix,Kurta,0.3,540,437.40,2395,2395,2395,2695,2695,1,211.84
Mix,Kurta,0.3,540,437.40,2395,2395,2395,2695,2695,1,191.27
Mix,Kurta,0.3,540,437.40,2395,2395,2395,2695,2695,1,404.51
Mix,Kurta,0.3,540,437.40,2395,2395,2395,2695,2695,1,205.15
Mix,Kurta,0.3,540,437.40,2395,2395,2395,2695,2695,1,297.04
Mix,Kurta,0.3,550,445.50,2495,2495,2495,2795,2795,1,260.5
Mix,Kurta,0.3,550,445.50,2495,2495,2495,2795,2795,1,222.15
Mix,Kurta,0.3,550,445.50,2495,2495,2495,2795,2795,1,102.84
Mix,Kurta,0.3,550,445.50,2495,2495,2495,2795,2795,1,437.76
Mix,Kurta,0.3,550,445.50,2495,2495,2495,2795,2795,1,278.97
Mix,Kurta,0.3,550,445.50,2495,2495,2495,2795,2795,1,260.86
Mix,Tops,0.2,314,254.34,1595,1595,1595,1595,1595,1,340.24
Mix,Tops,0.2,314,254.34,1595,1595,1595,1595,1595,1,487.54
Mix,Tops,0.2,314,254.34,1595,1595,1595,1595,1595,1,339.85
Mix,Tops,0.2,314,254.34,1595,1595,1595,1595,1595,1,201.07
Mix,Tops,0.2,314,254.34,1595,1595,1595,1595,1595,1,332.12
Mix,Kurta,0.3,425,344.25,1995,1995,1995,1995,1995,1,487.08
Mix,Kurta,0.3,425,344.25,1995,1995,1995,1995,1995,1,143.66
Mix,Kurta,0.3,425,344.25,1995,1995,1995,1995,1995,1,470.1
Mix,Kurta,0.3,425,344.25,1995,1995,1995,1995,1995,1,121.6
Mix,Kurta,0.3,425,344.25,1995,1995,1995,1995,1995,1,247.89
Mix,Kurta,0.3,425,344.25,1995,1995,1995,1995,1995,1,491.51
Mix,Kurta,0.3,395,319.95,1895,1895,1895,1895,1895,1,63.5
Mix,Kurta,0.3,395,319.95,1895,1895,1895,1895,1895,1,418.54
Mix,Kurta,0.3,395,319.95,1895,1895,1895,1895,1895,1,408.99
Mix,Kurta,0.3,395,319.95,1895,1895,1895,1895,1895,1,18.49
Mix,Kurta,0.3,395,319.95,1895,1895,1895,1895,1895,1,152.19
Mix,Kurta,0.3,395,319.95,1895,1895,1895,1895,1895,1,413.34
Mix,Kurta,0.3,450,364.50,2095,2095,2095,2095,2095,1,276.96
Mix,Kurta,0.3,450,364.50,2095,2095,2095,2095,2095,1,90.31
Mix,Kurta,0.3,450,364.50,2095,2095,2095,2095,2095,1,250.92
Mix,Kurta,0.3,450,364.50,2095,2095,2095,2095,2095,1,16.16
Mix,Kurta,0.3,450,364.50,2095,2095,2095,2095,2095,1,171.32
Mix,Kurta,0.3,450,364.50,2095,2095,2095,2095,2095,1,208.73
Mix,Kurta,0.3,425,344.25,1995,1995,1995,1995,1995,1,437.41
Mix,Kurta,0.3,425,344.25,1995,1995,1995,1995,1995,1,222.41
Mix,Kurta,0.3,425,344.25,1995,1995,1995,1995,1995,1,446.49
Mix,Kurta,0.3,425,344.25,1995,1995,1995,1995,1995,1,45.17
Mix,Kurta,0.3,425,344.25,1995,1995,1995,1995,1995,1,442.41
Mix,Kurta,0.3,425,344.25,1995,1995,1995,1995,1995,1,59.28
Mix,Kurta Set,0.4,790,639.90,3495,3495,3495,3495,3495,1,413.02
Mix,Kurta Set,0.4,790,639.90,3495,3495,3495,3495,3495,1,113.66
Mix,Kurta Set,0.4,790,639.90,3495,3495,3495,3495,3495,1,31.57
Mix,Kurta Set,0.4,790,639.90,3495,3495,3495,3495,3495,1,163.58
Mix,Kurta Set,0.4,790,639.90,3495,3495,3495,3495,3495,1,82.2
Mix,Kurta Set,0.4,790,639.90,3495,3495,3495,3495,3495,1,93.48
Mix,Kurta Set,0.4,790,639.90,3495,3495,3495,3495,3495,1,208.73
Mix,Kurta Set,0.4,790,639.90,3495,3495,3495,3495,3495,1,440.08
Mix,Kurta Set,0.4,790,639.90,3495,3495,3495,3495,3495,1,122.15
Mix,Kurta Set,0.4,790,639.90,3495,3495,3495,3495,3495,1,62.32
Mix,Kurta Set,0.4,790,639.90,3495,3495,3495,3495,3495,1,139.39
Mix,Kurta Set,0.4,790,639.90,3495,3495,3495,3495,3495,1,476.49
Mix,Gown,0.4,695,562.95,3195,3195,3195,3195,3195,1,280.82
Mix,Gown,0.4,695,562.95,3195,3195,3195,3195,3195,1,189.53
Mix,Gown,0.4,695,562.95,3195,3195,3195,3195,3195,1,24.58
Mix,Gown,0.4,695,562.95,3195,3195,3195,3195,3195,1,105.38
Mix,Gown,0.4,695,562.95,3195,3195,3195,3195,3195,1,472.32
Mix,Gown,0.4,695,562.95,3195,3195,3195,3195,3195,1,85.26
Surmaya,Kurta Set,0.4,1295,1048.95,5395,5395,5395,5395,5395,1,372.92
Surmaya,Kurta Set,0.4,1295,1048.95,5395,5395,5395,5395,5395,1,478.51
Surmaya,Kurta Set,0.4,1295,1048.95,5395,5395,5395,5395,5395,1,247.23
Surmaya,Kurta Set,0.4,1295,1048.95,5395,5395,5395,5395,5395,1,377.97
Surmaya,Kurta Set,0.4,1295,1048.95,5395,5395,5395,5395,5395,1,120.78
Surmaya,Kurta Set,0.4,1295,1048.95,5395,5395,5395,5395,5395,1,350.1
Surmaya,Kurta Set,0.4,1150,931.50,4895,4895,4895,4895,4895,1,348.32
Surmaya,Kurta Set,0.4,1150,931.50,4895,4895,4895,4895,4895,1,71.44
Surmaya,Kurta Set,0.4,1150,931.50,4895,4895,4895,4895,4895,1,316.32
Surmaya,Kurta Set,0.4,1150,931.50,4895,4895,4895,4895,4895,1,242.51
Surmaya,Kurta Set,0.4,1150,931.50,4895,4895,4895,4895,4895,1,438.22
Surmaya,Kurta Set,0.4,1150,931.50,4895,4895,4895,4895,4895,1,143.12
Surmaya,Gown,0.4,995,805.95,4295,4295,4295,4295,4295,1,453.73
Surmaya,Gown,0.4,995,805.95,4295,4295,4295,4295,4295,1,237.76
Surmaya,Gown,0.4,995,805.95,4295,4295,4295,4295,4295,1,83.26
Surmaya,Gown,0.4,995,805.95,4295,4295,4295,4295,4295,1,119.66
Surmaya,Gown,0.4,995,805.95,4295,4295,4295,4295,4295,1,326.35
Surmaya,Gown,0.4,995,805.95,4295,4295,4295,4295,4295,1,347.51
Surmaya,Kurta Set,0.4,1150,931.50,4895,4895,4895,4895,4895,1,156.18
Surmaya,Kurta Set,0.4,1150,931.50,4895,4895,4895,4895,4895,1,150.49
Surmaya,Kurta Set,0.4,1150,931.50,4895,4895,4895,4895,4895,1,341.59
Surmaya,Kurta Set,0.4,1150,931.50,4895,4895,4895,4895,4895,1,15.73
Surmaya,Kurta Set,0.4,1150,931.50,4895,4895,4895,4895,4895,1,492.88
Surmaya,Kurta Set,0.4,1150,931.50,4895,4895,4895,4895,4895,1,379.79
Mix,Kurta Set,0.4,695,562.95,3495,3495,3495,3495,3495,1,474.75
Mix,Kurta Set,0.4,695,562.95,3495,3495,3495,3495,3495,1,355.82
Mix,Kurta Set,0.4,695,562.95,3495,3495,3495,3495,3495,1,52.97
Mix,Kurta Set,0.4,695,562.95,3495,3495,3495,3495,3495,1,230.53
Mix,Kurta Set,0.4,695,562.95,3495,3495,3495,3495,3495,1,421.7
Mix,Kurta Set,0.4,695,562.95,3495,3495,3495,3495,3495,1,178.76
Mix,Kurta,0.3,425,344.25,2195,2195,2195,2195,2195,1,448.63
Mix,Kurta,0.3,425,344.25,2195,2195,2195,2195,2195,1,430.36
Mix,Kurta,0.3,425,344.25,2195,2195,2195,2195,2195,1,271.84
Mix,Kurta,0.3,425,344.25,2195,2195,2195,2195,2195,1,142.53
Mix,Kurta,0.3,425,344.25,2195,2195,2195,2195,2195,1,480.23
Mix,Kurta,0.3,425,344.25,2195,2195,2195,2195,2195,1,49.41
Mix,Kurta Set,0.4,650,526.50,3295,3295,3295,3295,3295,1,63.76
Mix,Kurta Set,0.4,650,526.50,3295,3295,3295,3295,3295,1,291.07
Mix,Kurta Set,0.4,650,526.50,3295,3295,3295,3295,3295,1,259.16
Mix,Kurta Set,0.4,650,526.50,3295,3295,3295,3295,3295,1,51.2
Mix,Kurta Set,0.4,650,526.50,3295,3295,3295,3295,3295,1,52.42
Mix,Kurta Set,0.4,650,526.50,3295,3295,3295,3295,3295,1,471.92
Mix,Kurta,0.3,460,372.60,2397,2397,2397,2397,2397,1,319.85
Mix,Kurta,0.3,460,372.60,2397,2397,2397,2397,2397,1,356.77
Mix,Kurta,0.3,460,372.60,2397,2397,2397,2397,2397,1,294.09
Mix,Kurta,0.3,460,372.60,2397,2397,2397,2397,2397,1,259.37
Mix,Kurta,0.3,460,372.60,2397,2397,2397,2397,2397,1,227.14
Mix,Kurta,0.3,460,372.60,2397,2397,2397,2397,2397,1,454.09
Mix,Kurta Set,0.4,675,546.75,3397,3397,3397,3397,3397,1,417.6
Mix,Kurta Set,0.4,675,546.75,3397,3397,3397,3397,3397,1,200.82
Mix,Kurta Set,0.4,675,546.75,3397,3397,3397,3397,3397,1,386.73
Mix,Kurta Set,0.4,675,546.75,3397,3397,3397,3397,3397,1,381.17
Mix,Kurta Set,0.4,675,546.75,3397,3397,3397,3397,3397,1,256.87
Mix,Kurta Set,0.4,675,546.75,3397,3397,3397,3397,3397,1,499.06
Mix,Kurta,0.3,440,356.40,2295,2295,2295,2295,2295,1,36.02
Mix,Kurta,0.3,440,356.40,2295,2295,2295,2295,2295,1,205.47
Mix,Kurta,0.3,440,356.40,2295,2295,2295,2295,2295,1,428.09
Mix,Kurta,0.3,440,356.40,2295,2295,2295,2295,2295,1,208.73
Mix,Kurta,0.3,440,356.40,2295,2295,2295,2295,2295,1,93.02
Mix,Kurta,0.3,440,356.40,2295,2295,2295,2295,2295,1,182.81
Mix,Kurta Set,0.4,695,562.95,3495,3495,3495,3495,3495,1,323.14
Mix,Kurta Set,0.4,695,562.95,3495,3495,3495,3495,3495,1,55.98
Mix,Kurta Set,0.4,695,562.95,3495,3495,3495,3495,3495,1,186.63
Mix,Kurta Set,0.4,695,562.95,3495,3495,3495,3495,3495,1,136.65
Mix,Kurta Set,0.4,695,562.95,3495,3495,3495,3495,3495,1,73.29
Mix,Kurta Set,0.4,695,562.95,3495,3495,3495,3495,3495,1,252.34
Mix,Kurta,0.3,490,396.90,2495,2495,2495,2495,2495,1,372.27
Mix,Kurta,0.3,490,396.90,2495,2495,2495,2495,2495,1,218.76
Mix,Kurta,0.3,490,396.90,2495,2495,2495,2495,2495,1,312.26
Mix,Kurta,0.3,490,396.90,2495,2495,2495,2495,2495,1,170.3
Mix,Kurta,0.3,490,396.90,2495,2495,2495,2495,2495,1,476.91
Mix,Kurta,0.3,490,396.90,2495,2495,2495,2495,2495,1,251.06
Mix,Kurta Set,0.4,635,514.35,Nill,Nill,Nill,Nill,Nill,1,438.06
Mix,Kurta Set,0.4,635,514.35,Nill,Nill,Nill,Nill,Nill,1,311.84
Mix,Kurta Set,0.4,635,514.35,Nill,Nill,Nill,Nill,Nill,1,301.95
Mix,Kurta Set,0.4,635,514.35,Nill,Nill,Nill,Nill,Nill,1,203.68
Mix,Kurta Set,0.4,635,514.35,Nill,Nill,Nill,Nill,Nill,1,70.14
Mix,Kurta Set,0.4,635,514.35,Nill,Nill,Nill,Nill,Nill,1,215.5
Mix,Kurta,0.3,2095,1696.95,Nill,Nill,Nill,Nill,Nill,1,231.98
Mix,Kurta,0.3,2095,1696.95,Nill,Nill,Nill,Nill,Nill,1,58.08
Mix,Kurta,0.3,2095,1696.95,Nill,Nill,Nill,Nill,Nill,1,275.87
Mix,Kurta,0.3,2095,1696.95,Nill,Nill,Nill,Nill,Nill,1,122.09
Mix,Kurta,0.3,2095,1696.95,Nill,Nill,Nill,Nill,Nill,1,313.13
Mix,Kurta,0.3,2095,1696.95,Nill,Nill,Nill,Nill,Nill,1,203.26
Mix,Kurta,0.3,415,336.15,2097,2097,2097,2097,2097,1,136.6
Mix,Kurta,0.3,415,336.15,2097,2097,2097,2097,2097,1,265.7
Mix,Kurta,0.3,415,336.15,2097,2097,2097,2097,2097,1,482.8
Mix,Kurta,0.3,415,336.15,2097,2097,2097,2097,2097,1,106.17
Mix,Kurta,0.3,415,336.15,2097,2097,2097,2097,2097,1,461.11
Mix,Kurta,0.3,415,336.15,2097,2097,2097,2097,2097,1,68.67
Mix,Kurta Set,0.4,650,526.50,3297,3297,3297,3297,3297,1,487.66
Mix,Kurta Set,0.4,650,526.50,3297,3297,3297,3297,3297,1,208.35
Mix,Kurta Set,0.4,650,526.50,3297,3297,3297,3297,3297,1,357.11
Mix,Kurta Set,0.4,650,526.50,3297,3297,3297,3297,3297,1,265.57
Mix,Kurta Set,0.4,650,526.50,3297,3297,3297,3297,3297,1,291.82
Mix,Kurta Set,0.4,650,526.50,3297,3297,3297,3297,3297,1,248.18
Mix,Kurta,0.3,425,344.25,2195,2195,2195,2195,2195,1,47.17
Mix,Kurta,0.3,425,344.25,2195,2195,2195,2195,2195,1,241.12
Mix,Kurta,0.3,425,344.25,2195,2195,2195,2195,2195,1,207.88
Mix,Kurta,0.3,425,344.25,2195,2195,2195,2195,2195,1,197.92
Mix,Kurta,0.3,425,344.25,2195,2195,2195,2195,2195,1,175.95
Mix,Kurta,0.3,425,344.25,2195,2195,2195,2195,2195,1,423.58
Mix,Kurta Set,0.4,625,506.25,3197,3197,3197,3197,3197,1,474.54
Mix,Kurta Set,0.4,625,506.25,3197,3197,3197,3197,3197,1,204.63
Mix,Kurta Set,0.4,625,506.25,3197,3197,3197,3197,3197,1,25.03
Mix,Kurta Set,0.4,625,506.25,3197,3197,3197,3197,3197,1,76.64
Mix,Kurta Set,0.4,625,506.25,3197,3197,3197,3197,3197,1,382.31
Mix,Kurta Set,0.4,625,506.25,3197,3197,3197,3197,3197,1,352.71
Mix,Kurta,0.3,400,324.00,Nill,Nill,Nill,Nill,Nill,1,270.58
Mix,Kurta,0.3,400,324.00,Nill,Nill,Nill,Nill,Nill,1,301.54
Mix,Kurta,0.3,400,324.00,Nill,Nill,Nill,Nill,Nill,1,316.66
Mix,Kurta,0.3,400,324.00,Nill,Nill,Nill,Nill,Nill,1,253.51
Mix,Kurta,0.3,400,324.00,Nill,Nill,Nill,Nill,Nill,1,248.68
Mix,Kurta,0.3,400,324.00,Nill,Nill,Nill,Nill,Nill,1,379.08
Mix,Kurta,0.3,425,344.25,2197,2197,2197,2197,2197,1,458.37
Mix,Kurta,0.3,425,344.25,2197,2197,2197,2197,2197,1,460.29
Mix,Kurta,0.3,425,344.25,2197,2197,2197,2197,2197,1,166.58
Mix,Kurta,0.3,425,344.25,2197,2197,2197,2197,2197,1,61.69
Mix,Kurta,0.3,425,344.25,2197,2197,2197,2197,2197,1,200.31
Mix,Kurta,0.3,425,344.25,2197,2197,2197,2197,2197,1,204.82
Mix,Kurta Set,0.4,595,481.95,2975,2975,2975,2997,2997,1,454.25
Mix,Kurta Set,0.4,595,481.95,2975,2975,2975,2997,2997,1,31.4
Mix,Kurta Set,0.4,595,481.95,2975,2975,2975,2997,2997,1,311.91
Mix,Kurta Set,0.4,595,481.95,2975,2975,2975,2997,2997,1,195.02
Mix,Kurta Set,0.4,595,481.95,2975,2975,2975,2997,2997,1,136.6
Mix,Kurta Set,0.4,595,481.95,2975,2975,2975,2997,2997,1,231.58
Mix,Kurta,0.3,410,332.10,2095,2095,2095,2095,2095,1,441.91
Mix,Kurta,0.3,410,332.10,2095,2095,2095,2095,2095,1,96.23
Mix,Kurta,0.3,410,332.10,2095,2095,2095,2095,2095,1,209.39
Mix,Kurta,0.3,410,332.10,2095,2095,2095,2095,2095,1,301.5
Mix,Kurta,0.3,410,332.10,2095,2095,2095,2095,2095,1,253.22
Mix,Kurta,0.3,410,332.10,2095,2095,2095,2095,2095,1,39.31
Mix,Kurta Set,0.4,650,526.50,3297,3297,3297,3297,3297,1,148.49
Mix,Kurta Set,0.4,650,526.50,3297,3297,3297,3297,3297,1,174.4
Mix,Kurta Set,0.4,650,526.50,3297,3297,3297,3297,3297,1,490.44
Mix,Kurta Set,0.4,650,526.50,3297,3297,3297,3297,3297,1,327.34
Mix,Kurta Set,0.4,650,526.50,3297,3297,3297,3297,3297,1,310.81
Mix,Kurta Set,0.4,650,526.50,3297,3297,3297,3297,3297,1,292.34
Mix,Kurta,0.3,425,344.25,2195,2195,2195,2195,2195,1,254.35
Mix,Kurta,0.3,425,344.25,2195,2195,2195,2195,2195,1,11.95
Mix,Kurta,0.3,425,344.25,2195,2195,2195,2195,2195,1,111.49
Mix,Kurta,0.3,425,344.25,2195,2195,2195,2195,2195,1,205.48
Mix,Kurta,0.3,425,344.25,2195,2195,2195,2195,2195,1,496.35
Mix,Kurta,0.3,425,344.25,2195,2195,2195,2195,2195,1,76.55
Mix,Kurta Set,0.4,599,485.19,Nill,Nill,Nill,Nill,Nill,1,470.96
Mix,Kurta Set,0.4,599,485.19,Nill,Nill,Nill,Nill,Nill,1,488.41
Mix,Kurta Set,0.4,599,485.19,Nill,Nill,Nill,Nill,Nill,1,71.12
Mix,Kurta Set,0.4,599,485.19,Nill,Nill,Nill,Nill,Nill,1,78.11
Mix,Kurta Set,0.4,599,485.19,Nill,Nill,Nill,Nill,Nill,1,261.45
Mix,Kurta Set,0.4,599,485.19,Nill,Nill,Nill,Nill,Nill,1,292.11
Mix,Kurta,0.3,485,392.85,Nill,Nill,Nill,Nill,Nill,1,164.67
Mix,Kurta,0.3,485,392.85,Nill,Nill,Nill,Nill,Nill,1,237.14
Mix,Kurta,0.3,485,392.85,Nill,Nill,Nill,Nill,Nill,1,93.48
Mix,Kurta,0.3,485,392.85,Nill,Nill,Nill,Nill,Nill,1,210.07
Mix,Kurta,0.3,485,392.85,Nill,Nill,Nill,Nill,Nill,1,109.08
Mix,Kurta,0.3,485,392.85,Nill,Nill,Nill,Nill,Nill,1,195.97
Mix,Kurta,0.3,415,336.15,2097,2097,2097,2097,2097,1,313.81
Mix,Kurta,0.3,415,336.15,2097,2097,2097,2097,2097,1,179.19
Mix,Kurta,0.3,415,336.15,2097,2097,2097,2097,2097,1,496.44
Mix,Kurta,0.3,415,336.15,2097,2097,2097,2097,2097,1,238.68
Mix,Kurta,0.3,415,336.15,2097,2097,2097,2097,2097,1,410.75
Mix,Kurta,0.3,415,336.15,2097,2097,2097,2097,2097,1,187.78
Mix,Kurta Set,0.4,640,518.40,3197,3197,3295,3295,3295,1,195.01
Mix,Kurta Set,0.4,640,518.40,3197,3197,3295,3295,3295,1,418.65
Mix,Kurta Set,0.4,640,518.40,3197,3197,3295,3295,3295,1,215.03
Mix,Kurta Set,0.4,640,518.40,3197,3197,3295,3295,3295,1,171.26
Mix,Kurta Set,0.4,640,518.40,3197,3197,3295,3295,3295,1,65.56
Mix,Kurta Set,0.4,640,518.40,3197,3197,3295,3295,3295,1,350.39
Mix,Kurta,0.3,415,336.15,2095,2095,2095,2295,2295,1,419.73
Mix,Kurta,0.3,415,336.15,2095,2095,2095,2295,2295,1,440.99
Mix,Kurta,0.3,415,336.15,2095,2095,2095,2295,2295,1,472.34
Mix,Kurta,0.3,415,336.15,2095,2095,2095,2295,2295,1,375.31
Mix,Kurta,0.3,415,336.15,2095,2095,2095,2295,2295,1,192.87
Mix,Kurta,0.3,415,336.15,2095,2095,2095,2295,2295,1,52.7
Mix,Kurta Set,0.4,625,506.25,3195,3195,3195,3195,3195,1,212.22
Mix,Kurta Set,0.4,625,506.25,3195,3195,3195,3195,3195,1,109.59
Mix,Kurta Set,0.4,625,506.25,3195,3195,3195,3195,3195,1,101.87
Mix,Kurta Set,0.4,625,506.25,3195,3195,3195,3195,3195,1,276.08
Mix,Kurta Set,0.4,625,506.25,3195,3195,3195,3195,3195,1,462.2
Mix,Kurta Set,0.4,625,506.25,3195,3195,3195,3195,3195,1,435.12
Mix,Kurta,0.3,400,324.00,2097,2097,2097,2097,2097,1,158.29
Mix,Kurta,0.3,400,324.00,2097,2097,2097,2097,2097,1,206.58
Mix,Kurta,0.3,400,324.00,2097,2097,2097,2097,2097,1,450.79
Mix,Kurta,0.3,400,324.00,2097,2097,2097,2097,2097,1,10.98
Mix,Kurta,0.3,400,324.00,2097,2097,2097,2097,2097,1,89.55
Mix,Kurta,0.3,400,324.00,2097,2097,2097,2097,2097,1,95.8
Mix,Kurta Set,0.4,615,498.15,3095,3095,3095,3095,3095,1,407.32
Mix,Kurta Set,0.4,615,498.15,3095,3095,3095,3095,3095,1,366.67
Mix,Kurta Set,0.4,615,498.15,3095,3095,3095,3095,3095,1,236.21
Mix,Kurta Set,0.4,615,498.15,3095,3095,3095,3095,3095,1,114.35
Mix,Kurta Set,0.4,615,498.15,3095,3095,3095,3095,3095,1,29.61
Mix,Kurta Set,0.4,615,498.15,3095,3095,3095,3095,3095,1,156.48
Mix,Kurta,0.3,425,344.25,2195,2195,2195,2195,2195,1,200.21
Mix,Kurta,0.3,425,344.25,2195,2195,2195,2195,2195,1,221.75
Mix,Kurta,0.3,425,344.25,2195,2195,2195,2195,2195,1,102.26
Mix,Kurta,0.3,425,344.25,2195,2195,2195,2195,2195,1,418.68
Mix,Kurta,0.3,425,344.25,2195,2195,2195,2195,2195,1,61.24
Mix,Kurta,0.3,425,344.25,2195,2195,2195,2195,2195,1,310.07
Mix,Kurta Set,0.4,#VALUE!,#VALUE!,Nill,Nill,Nill,Nill,Nill,1,87.93
Mix,Kurta Set,0.4,#VALUE!,#VALUE!,Nill,Nill,Nill,Nill,Nill,1,462.31
Mix,Kurta Set,0.4,#VALUE!,#VALUE!,Nill,Nill,Nill,Nill,Nill,1,201.88
Mix,Kurta Set,0.4,#VALUE!,#VALUE!,Nill,Nill,Nill,Nill,Nill,1,14.99
Mix,Kurta Set,0.4,#VALUE!,#VALUE!,Nill,Nill,Nill,Nill,Nill,1,439.73
Mix,Kurta Set,0.4,#VALUE!,#VALUE!,Nill,Nill,Nill,Nill,Nill,1,240.66
Mix,Kurta Set,0.4,1195,967.95,5997,5997,5997,5997,5997,1,105.89
Mix,Kurta Set,0.4,1195,967.95,5997,5997,5997,5997,5997,1,44.59
Mix,Kurta Set,0.4,1195,967.95,5997,5997,5997,5997,5997,1,415.51
Mix,Kurta Set,0.4,1195,967.95,5997,5997,5997,5997,5997,1,128.9
Nill,Nill,Nill,818,662.58,2494,2494,2494,2494,2494,1,29.48
Nill,Nill,Nill,1044,845.64,4099,4099,4099,4099,4099,1,311.28
Nill,Nill,Nill,795,643.95,2449,2449,2449,2449,2449,1,271.25
Nill,Nill,Nill,1395,1129.95,4049,4049,4049,4049,4049,1,189.16
Nill,Nill,Nill,1395,1129.95,4049,4049,4049,4049,4049,1,79.05
Nill,Nill,Nill,1395,1129.95,4049,4049,4049,4049,4049,1,175.66
Nill,Nill,Nill,1395,1129.95,4049,4049,4049,4049,4049,1,209.63
Nill,Nill,Nill,1395,1129.95,4049,4049,4049,4049,4049,1,407.13
Nill,Nill,Nill,895,724.95,3149,3149,3149,3149,3149,1,32.36
Nill,Nill,Nill,625,506.25,2449,2449,2449,2449,2449,1,403.43
Nill,Nill,Nill,1165,943.65,4549,4549,4549,4549,4549,1,394.66
Nill,Nill,Nill,1165,943.65,4549,4549,4549,4549,4549,1,482.44
Nill,Nill,Nill,1165,943.65,4549,4549,4549,4549,4549,1,462.77
Nill,Nill,Nill,1165,943.65,4549,4549,4549,4549,4549,1,226.07
Nill,Nill,Nill,795,643.95,2449,2449,2449,2449,2449,1,367.61
Nill,Nill,Nill,150,121.50,299,299,299,299,299,1,348.54
Nill,Nill,Nill,100,81.00,199,199,199,199,199,1,415.22
Nill,Nill,Nill,899,728.19,1695,1695,1695,1695,1695,1,371.74
Nill,Nill,Nill,699,566.19,1695,1695,1695,1695,1695,1,309.87
Colors-7,Kurta,0.3,381,308.61,1538,1595,1595,1595,1595,1,433.75
Mix,Kurta,0.3,570,461.70,2298,2295,2295,2295,2295,1,259.27
Nill,Nill,Nill,2095,1696.95,Nill,Nill,Nill,Nill,Nill,1,75.77
Nill,Nill,Nill,895,724.95,3149,3149,3149,3149,3149,1,189.48
Nill,Nill,Nill,895,724.95,3149,3149,3149,3149,3149,1,87.78
Nill,Nill,Nill,995,805.95,3499,3499,3499,3499,3499,1,271.12
Nill,Nill,Nill,1395,1129.95,4049,4049,4049,4049,4049,1,171.69
Nill,Nill,Nill,126,102.06,299,299,299,299,299,1,352.88
Nill,Nill,Nill,252,204.12,499,499,499,499,499,1,111.16
Nill,Nill,Nill,126,102.06,299,299,299,299,299,1,113.21
Nill,Nill,Nill,500,405.00,1995,1995,1995,2500,2500,1,186.21
Mix,Kurta,0.3,425,344.25,2195,2195,2195,2195,2195,1,332.73
Nill,Nill,Nill,1395,1129.95,4899,4899,4899,4899,4899,1,462.48
Nill,Nill,Nill,806,652.86,3149,3149,3149,3149,3149,1,118.09
Nill,Nill,Nill,859,695.79,3149,3149,3149,3149,3149,1,333.28
Mix,Kurta Set,0.4,615,498.15,2195,2195,2195,2195,2195,1,464.22
Mix,Kurta,0.3,425,344.25,2195,2195,2195,2195,2195,1,261.99
Nill,Nill,Nill,818,662.58,2494,2494,2494,2494,2494,1,398.52
Nill,Nill,Nill,395,319.95,1695,1695,1695,1695,1695,1,81.13
Nill,Nill,Nill,395,319.95,1695,1695,1695,1695,1695,1,470.81
Nill,Nill,Nill,395,319.95,1695,1695,1695,1695,1695,1,125.49
Nill,Nill,Nill,395,319.95,1695,1695,1695,1695,1695,1,106.7
Nill,Nill,Nill,395,319.95,1695,1695,1695,1695,1695,1,342.49
Nill,Nill,Nill,395,319.95,1695,1695,1695,1695,1695,1,478.9
Nill,Nill,Nill,395,319.95,1695,1695,1695,1695,1695,1,473.27
Nill,Nill,Nill,425,344.25,1995,1995,1995,1995,1995,1,486.56
Nill,Nill,Nill,425,344.25,1995,1995,1995,1995,1995,1,318.96
Nill,Nill,Nill,425,344.25,1995,1995,1995,1995,1995,1,170.86
Nill,Nill,Nill,425,344.25,1995,1995,1995,1995,1995,1,78.02
Nill,Nill,Nill,425,344.25,1995,1995,1995,1995,1995,1,86.65
Nill,Nill,Nill,425,344.25,1995,1995,1995,1995,1995,1,345.43
Nill,Nill,Nill,425,344.25,1995,1995,1995,1995,1995,1,98.78
Nill,Nill,Nill,435,352.35,1795,1795,1795,1795,1795,1,182.19
Nill,Nill,Nill,435,352.35,1795,1795,1795,1795,1795,1,128.73
Nill,Nill,Nill,435,352.35,1795,1795,1795,1795,1795,1,72.11
Nill,Nill,Nill,435,352.35,1795,1795,1795,1795,1795,1,262.72
Nill,Nill,Nill,435,352.35,1795,1795,1795,1795,1795,1,76.49
Nill,Nill,Nill,435,352.35,1795,1795,1795,1795,1795,1,64.99
Nill,Nill,Nill,435,352.35,1795,1795,1795,1795,1795,1,387.91
Nill,Nill,Nill,818,662.58,2494,2494,2494,2494,2494,1,191.43
Mix,Kurta,0.3,425,344.25,2195,2195,2195,2195,2195,1,289.05
Nill,Nill,Nill,1165,943.65,4549,4549,4549,4549,4549,1,385.41
Nill,Nill,Nill,630.5,510.70,630.5,630.5,630.5,630.5,630.5,1,290.47
Nill,Nill,Nill,498,403.38,498,498,498,498,498,1,333.89
Mix,Kurta Set,0.4,615,498.15,2195,2195,2195,2195,2195,1,179.32
Nill,Nill,Nill,1523,1233.63,1523,1523,1365,1365,1365,1,267.4
Nill,Nill,Nill,733.95,594.50,733.95,733.95,733.95,733.95,733.95,1,498.19
Mix,Kurta,0.3,425,344.25,1995,1995,1995,1995,1995,1,208.47
Mix,Kurta,0.3,424,343.44,2240,1695,1695,1695,1695,1,373.6
Nill,Nill,Nill,859,695.79,3149,3149,3149,3149,3149,1,455.59
Nill,Nill,Nill,818,662.58,2494,2494,2494,2494,2494,1,96.27
Nill,Nill,Nill,818,662.58,2494,2494,2494,2494,2494,1,222.93
Nill,Nill,Nill,818,662.58,2494,2494,2494,2494,2494,1,427.56
Nill,Nill,Nill,818,662.58,2494,2494,2494,2494,2494,1,417.25
Nill,Nill,Nill,818,662.58,2494,2494,2494,2494,2494,1,56.17
Nill,Nill,Nill,818,662.58,2494,2494,2494,2494,2494,1,132.98
Nill,Nill,Nill,818,662.58,2494,2494,2494,2494,2494,1,241.68
Nill,Nill,Nill,818,662.58,2494,2494,2494,2494,2494,1,297.81
Nill,Nill,Nill,818,662.58,2494,2494,2494,2494,2494,1,138.92
Nill,Nill,Nill,818,662.58,2494,2494,2494,2494,2494,1,315.78
Nill,Nill,Nill,818,662.58,2494,2494,2494,2494,2494,1,432.89
Nill,Nill,Nill,818,662.58,2494,2494,2494,2494,2494,1,73.38
Nill,Nill,Nill,818,662.58,2494,2494,2494,2494,2494,1,261.41
Mix,Kurta,0.3,424,343.44,2240,1695,1695,1695,1695,1,196.63
Mix,Kurta,0.3,467,378.27,1878,1995,1995,1995,1995,1,26.38
Mix,Kurta,0.3,467,378.27,1878,1995,1995,1995,1995,1,320.6
Mix,Kurta,0.3,467,378.27,1878,1995,1995,1995,1995,1,49.01
Mix,Kurta,0.3,467,378.27,1878,1995,1995,1995,1995,1,81.67
Mix,Kurta,0.3,467,378.27,1878,1995,1995,1995,1995,1,346.86
Mix,Kurta,0.3,467,378.27,1878,1995,1995,1995,1995,1,274.5
Mix,Kurta,0.3,467,378.27,1878,1995,1995,1995,1995,1,175.27
