catalog,category,weight,tp,mrp_old,final_mrp_old,ajio_mrp,amazon_mrp,amazon_fba_mrp,qty,amount
Moments,Kurta,0.3,538,2178,2295,2295,2295,2295,1,284.97
Moments,Kurta,0.3,538,2178,2295,2295,2295,2295,1,48.49
Moments,Kurta,0.3,538,2178,2295,2295,2295,2295,1,125.27
Moments,Kurta,0.3,538,2178,2295,2295,2295,2295,1,262.92
Moments,Kurta,0.3,538,2178,2295,2295,2295,2295,1,82.63
Moments,Kurta,0.3,538,2178,2295,2295,2295,2295,1,419.63
Moments,Kurta,0.3,538,2178,2295,2295,2295,2295,1,30.55
Moments,Kurta,0.3,538,2178,2295,2295,2295,2295,1,195.01
Moments,Kurta,0.3,538,2178,2295,2295,2295,2295,1,257.69
Moments,Kurta,0.3,538,2178,2295,2295,2295,2295,1,475.91
Moments,Kurta,0.3,538,2178,2295,2295,2295,2295,1,148.56
Moments,Kurta,0.3,538,2178,2295,2295,2295,2295,1,360.44
Moments,Kurta,0.3,538,2178,2295,2295,2295,2295,1,285.57
Moments,Kurta,0.3,538,2178,2295,2295,2295,2295,1,180.61
Moments,Kurta,0.3,538,2178,2295,2295,2295,2295,1,22.82
Moments,Kurta,0.3,538,2178,2295,2295,2295,2295,1,443.55
Moments,Kurta,0.3,538,2178,2295,2295,2295,2295,1,343.85
Moments,Kurta,0.3,538,2178,2295,2295,2295,2295,1,300.31
Moments,Kurta,0.3,538,2178,2295,2295,2295,2295,1,255.68
Moments,Kurta,0.3,538,2178,2295,2295,2295,2295,1,104.74
Moments,Kurta,0.3,538,2178,2295,2295,2295,2295,1,377.2
Moments,Kurta,0.3,538,2178,2295,2295,2295,2295,1,231.82
Moments,Kurta,0.3,538,2178,2295,2295,2295,2295,1,82.49
Moments,Kurta,0.3,538,2178,2295,2295,2295,2295,1,266.73
Moments,Kurta,0.3,538,2178,2295,2295,2295,2295,1,27.33
Moments,Kurta,0.3,538,2178,2295,2295,2295,2295,1,83.65
Moments,Kurta,0.3,538,2178,2295,2295,2295,2295,1,427.11
Moments,Kurta,0.3,538,2178,2295,2295,2295,2295,1,49.04
Moments,Kurta,0.3,538,2178,2295,2295,2295,2295,1,483.14
Moments,Kurta,0.3,538,2178,2295,2295,2295,2295,1,99.65
Moments,Kurta,0.3,538,2178,2295,2295,2295,2295,1,95.37
Moments,Kurta,0.3,538,2178,2295,2295,2295,2295,1,401.75
Moments,Kurta,0.3,538,2178,2295,2295,2295,2295,1,361.37
Moments,Kurta,0.3,538,2178,2295,2295,2295,2295,1,289.6
Moments,Kurta,0.3,538,2178,2295,2295,2295,2295,1,288.44
Moments,Kurta,0.3,538,2178,2295,2295,2295,2295,1,458.27
Colors-8,Kurta,0.3,438,1778,1895,1895,1895,1895,1,469.86
Colors-8,Kurta,0.3,438,1778,1895,1895,1895,1895,1,112.49
Colors-8,Kurta,0.3,438,1778,1895,1895,1895,1895,1,447.82
Colors-8,Kurta,0.3,438,1778,1895,1895,1895,1895,1,466.51
Colors-8,Kurta,0.3,438,1778,1895,1895,1895,1895,1,99.31
Colors-8,Kurta,0.3,438,1778,1895,1895,1895,1895,1,467.91
Colors-8,Kurta,0.3,438,1778,1895,1895,1895,1895,1,330.26
Colors-8,Kurta,0.3,438,1778,1895,1895,1895,1895,1,470.25
Colors-8,Kurta,0.3,438,1778,1895,1895,1895,1895,1,442.61
Colors-8,Kurta,0.3,438,1778,1895,1895,1895,1895,1,183.71
Colors-8,Kurta,0.3,438,1778,1895,1895,1895,1895,1,217.98
Colors-8,Kurta,0.3,438,1778,1895,1895,1895,1895,1,248.36
Colors-8,Kurta,0.3,438,1895,1895,1895,1895,1895,1,424.25
Colors-8,Kurta,0.3,438,1895,1895,1895,1895,1895,1,146.99
Colors-8,Kurta,0.3,438,1895,1895,1895,1895,1895,1,205.69
Colors-8,Kurta,0.3,438,1895,1895,1895,1895,1895,1,37.47
Colors-8,Kurta,0.3,438,1895,1895,1895,1895,1895,1,193.62
Colors-8,Kurta,0.3,438,1895,1895,1895,1895,1895,1,106.6
Colors-8,Kurta,0.3,438,1778,1895,1895,1895,1895,1,53.48
Colors-8,Kurta,0.3,438,1778,1895,1895,1895,1895,1,32.61
Colors-8,Kurta,0.3,438,1778,1895,1895,1895,1895,1,107.0
Colors-8,Kurta,0.3,438,1778,1895,1895,1895,1895,1,29.57
Colors-8,Kurta,0.3,438,1778,1895,1895,1895,1895,1,414.66
Colors-8,Kurta,0.3,438,1778,1895,1895,1895,1895,1,29.12
Colors-8,Kurta,0.3,438,1778,1895,1895,1895,1895,1,429.97
Colors-8,Kurta,0.3,438,1778,1895,1895,1895,1895,1,78.95
Colors-8,Kurta,0.3,438,1778,1895,1895,1895,1895,1,375.23
Colors-8,Kurta,0.3,438,1778,1895,1895,1895,1895,1,201.39
Colors-8,Kurta,0.3,438,1778,1895,1895,1895,1895,1,107.66
Colors-8,Kurta,0.3,438,1778,1895,1895,1895,1895,1,372.35
Colors-8,Kurta,0.3,438,1778,1895,1895,1895,1895,1,209.33
Colors-8,Kurta,0.3,438,1778,1895,1895,1895,1895,1,309.33
Colors-8,Kurta,0.3,438,1778,1895,1895,1895,1895,1,226.86
Colors-8,Kurta,0.3,438,1778,1895,1895,1895,1895,1,209.48
Colors-8,Kurta,0.3,438,1778,1895,1895,1895,1895,1,296.8
Colors-8,Kurta,0.3,438,1778,1895,1895,1895,1895,1,469.4
Colors-8,Kurta,0.3,438,1895,254,1895,1895,1895,1,260.89
Colors-8,Kurta,0.3,438,1895,1895,1895,1895,1895,1,19.27
Colors-8,Kurta,0.3,438,1895,1895,1895,1895,1895,1,291.52
Colors-8,Kurta,0.3,438,1895,1895,1895,1895,1895,1,200.85
Colors-8,Kurta,0.3,438,1895,1895,1895,1895,1895,1,433.0
Colors-8,Kurta,0.3,438,1895,1895,1895,1895,1895,1,43.98
Colors-8,Kurta,0.3,438,1778,1895,1895,1895,1895,1,301.73
Colors-8,Kurta,0.3,438,1778,1895,1895,1895,1895,1,103.84
Colors-8,Kurta,0.3,438,1778,1895,1895,1895,1895,1,128.0
Colors-8,Kurta,0.3,438,1778,1895,1895,1895,1895,1,214.63
Colors-8,Kurta,0.3,438,1778,1895,1895,1895,1895,1,278.43
Colors-8,Kurta,0.3,438,1778,1895,1895,1895,1895,1,492.21
Breeze-4,Kurta,0.3,505,2038,2195,2195,2195,2195,1,114.79
Breeze-4,Kurta,0.3,505,2038,2195,2195,2195,2195,1,323.07
Breeze-4,Kurta,0.3,505,2038,2195,2195,2195,2195,1,411.22
Breeze-4,Kurta,0.3,505,2038,2195,2195,2195,2195,1,175.99
Breeze-4,Kurta,0.3,505,2038,2195,2195,2195,2195,1,437.33
Breeze-4,Kurta,0.3,505,2038,2195,2195,2195,2195,1,140.16
Breeze-4,Kurta,0.3,505,2038,2195,2195,2195,2195,1,144.69
Breeze-4,Kurta,0.3,505,2038,2195,2195,2195,2195,1,107.26
Breeze-4,Kurta,0.3,505,2038,2195,2195,2195,2195,1,150.13
Breeze-4,Kurta,0.3,505,2038,2195,2195,2195,2195,1,175.72
Breeze-4,Kurta,0.3,505,2038,2195,2195,2195,2195,1,78.18
Breeze-4,Kurta,0.3,505,2038,2195,2195,2195,2195,1,161.43
Breeze-4,Kurta,0.3,505,2038,2195,2195,2195,2195,1,337.74
Breeze-4,Kurta,0.3,505,2038,2195,2195,2195,2195,1,198.45
Breeze-4,Kurta,0.3,505,2038,2195,2195,2195,2195,1,322.45
Breeze-4,Kurta,0.3,505,2038,2195,2195,2195,2195,1,301.65
Breeze-4,Kurta,0.3,505,2038,2195,2195,2195,2195,1,82.48
Breeze-4,Kurta,0.3,505,2038,2195,2195,2195,2195,1,329.19
Breeze-4,Kurta,0.3,505,2038,2195,2195,2195,2195,1,182.64
Breeze-4,Kurta,0.3,505,2038,2195,2195,2195,2195,1,112.05
Breeze-4,Kurta,0.3,505,2038,2195,2195,2195,2195,1,135.0
Breeze-4,Kurta,0.3,505,2038,2195,2195,2195,2195,1,57.17
Breeze-4,Kurta,0.3,505,2038,2195,2195,2195,2195,1,220.88
Breeze-4,Kurta,0.3,505,2038,2195,2195,2195,2195,1,481.46
Breeze-4,Kurta,0.3,505,2038,2195,2195,2195,2195,1,93.85
Breeze-4,Kurta,0.3,505,2038,2195,2195,2195,2195,1,248.79
Breeze-4,Kurta,0.3,505,2038,2195,2195,2195,2195,1,92.18
Breeze-4,Kurta,0.3,505,2038,2195,2195,2195,2195,1,449.26
Breeze-4,Kurta,0.3,505,2038,2195,2195,2195,2195,1,317.46
Breeze-4,Kurta,0.3,505,2038,2195,2195,2195,2195,1,154.22
Breeze-4,Kurta,0.3,505,2038,2195,2195,2195,2195,1,464.87
Breeze-4,Kurta,0.3,505,2038,2195,2195,2195,2195,1,425.2
Breeze-4,Kurta,0.3,505,2038,2195,2195,2195,2195,1,381.84
Breeze-4,Kurta,0.3,505,2038,2195,2195,2195,2195,1,278.54
Breeze-4,Kurta,0.3,505,2038,2195,2195,2195,2195,1,449.7
Breeze-4,Kurta,0.3,505,2038,2195,2195,2195,2195,1,80.76
Rozana,Kurta Set,0.4,590,2378,2495,2495,2495,2495,1,307.07
Rozana,Kurta Set,0.4,590,2378,2495,2495,2495,2495,1,80.47
Rozana,Kurta Set,0.4,590,2378,2495,2495,2495,2495,1,206.74
Rozana,Kurta Set,0.4,590,2378,2495,2495,2495,2495,1,295.45
Rozana,Kurta Set,0.4,590,2378,2495,2495,2495,2495,1,458.91
Rozana,Kurta Set,0.4,590,2378,2495,2495,2495,2495,1,418.16
Rozana,Kurta Set,0.4,590,2378,2495,2495,2495,2495,1,84.25
Rozana,Kurta Set,0.4,590,2378,2495,2495,2495,2495,1,309.71
Rozana,Kurta Set,0.4,590,2378,2495,2495,2495,2495,1,312.79
Rozana,Kurta Set,0.4,590,2378,2495,2495,2495,2495,1,337.71
Rozana,Kurta Set,0.4,590,2378,2495,2495,2495,2495,1,411.06
Rozana,Kurta Set,0.4,590,2378,2495,2495,2495,2495,1,192.65
Rozana,Kurta Set,0.4,590,2378,2495,2495,2495,2495,1,291.26
Rozana,Kurta Set,0.4,590,2378,2495,2495,2495,2495,1,428.62
Rozana,Kurta Set,0.4,590,2378,2495,2495,2495,2495,1,62.56
Rozana,Kurta Set,0.4,590,2378,2495,2495,2495,2495,1,176.78
Rozana,Kurta Set,0.4,590,2378,2495,2495,2495,2495,1,76.24
Rozana,Kurta Set,0.4,590,2378,2495,2495,2495,2495,1,237.67
Rozana,Kurta Set,0.4,590,2378,2495,2495,2495,2495,1,367.69
Rozana,Kurta Set,0.4,590,2378,2495,2495,2495,2495,1,375.33
Rozana,Kurta Set,0.4,590,2378,2495,2495,2495,2495,1,168.28
Rozana,Kurta Set,0.4,590,2378,2495,2495,2495,2495,1,100.37
Rozana,Kurta Set,0.4,590,2378,2495,2495,2495,2495,1,199.47
Rozana,Kurta Set,0.4,590,2378,2495,2495,2495,2495,1,82.39
Rozana,Kurta Set,0.4,590,2378,2495,2495,2495,2495,1,153.54
Rozana,Kurta Set,0.4,590,2378,2495,2495,2495,2495,1,193.05
Rozana,Kurta Set,0.4,590,2378,2495,2495,2495,2495,1,71.5
Rozana,Kurta Set,0.4,590,2378,2495,2495,2495,2495,1,180.14
Rozana,Kurta Set,0.4,590,2378,2495,2495,2495,2495,1,440.14
Rozana,Kurta Set,0.4,590,2378,2495,2495,2495,2495,1,142.34
Rozana,Kurta Set,0.4,590,2378,2495,2495,2495,2495,1,94.22
Rozana,Kurta Set,0.4,590,2378,2495,2495,2495,2495,1,327.22
Rozana,Kurta Set,0.4,590,2378,2495,2495,2495,2495,1,370.89
Rozana,Kurta Set,0.4,590,2378,2495,2495,2495,2495,1,244.44
Rozana,Kurta Set,0.4,590,2378,2495,2495,2495,2495,1,333.95
Rozana,Kurta Set,0.4,590,2378,2495,2495,2495,2495,1,342.55
Rozana,Kurta Set,0.4,590,2378,2495,2495,2495,2495,1,443.24
Rozana,Kurta Set,0.4,590,2378,2495,2495,2495,2495,1,436.09
Rozana,Kurta Set,0.4,590,2378,2495,2495,2495,2495,1,328.4
Rozana,Kurta Set,0.4,590,2378,2495,2495,2495,2495,1,392.18
Rozana,Kurta Set,0.4,590,2378,2495,2495,2495,2495,1,401.78
Rozana,Kurta Set,0.4,590,2378,2495,2495,2495,2495,1,149.55
Rozana,Kurta Set,0.4,590,2378,2495,2495,2495,2495,1,195.54
Rozana,Kurta Set,0.4,590,2378,2495,2495,2495,2495,1,29.68
Rozana,Kurta Set,0.4,590,2378,2495,2495,2495,2495,1,398.24
Rozana,Kurta Set,0.4,590,2378,2495,2495,2495,2495,1,277.12
Rozana,Kurta Set,0.4,590,2378,2495,2495,2495,2495,1,42.63
Rozana,Kurta Set,0.4,590,2378,2495,2495,2495,2495,1,180.21
Colors-7,Kurta,0.3,381,1538,1595,1595,1595,1595,1,454.32
Colors-7,Kurta,0.3,381,1538,1595,1595,1595,1595,1,193.51
Colors-7,Kurta,0.3,381,1538,1595,1595,1595,1595,1,109.6
Colors-7,Kurta,0.3,381,1538,1595,1595,1595,1595,1,36.22
Colors-7,Kurta,0.3,381,1538,1595,1595,1595,1595,1,436.57
Colors-7,Kurta,0.3,381,1538,1595,1595,1595,1595,1,445.98
Colors-7,Kurta,0.3,381,1538,1595,1595,1595,1595,1,216.83
Colors-7,Kurta,0.3,381,1538,1595,1595,1595,1595,1,131.68
Colors-7,Kurta,0.3,381,1538,1595,1595,1595,1595,1,420.13
Colors-7,Kurta,0.3,381,1538,1595,1595,1595,1595,1,49.81
Colors-7,Kurta,0.3,381,1538,1595,1595,1595,1595,1,218.71
Colors-7,Kurta,0.3,381,1538,1595,1595,1595,1595,1,474.03
Colors-7,Kurta,0.3,381,1538,1595,1595,1595,1595,1,242.34
Colors-7,Kurta,0.3,381,1538,1595,1595,1595,1595,1,157.45
Colors-7,Kurta,0.3,381,1538,1595,1595,1595,1595,1,229.12
Colors-7,Kurta,0.3,381,1538,1595,1595,1595,1595,1,27.3
Colors-7,Kurta,0.3,381,1538,1595,1595,1595,1595,1,231.04
Colors-7,Kurta,0.3,381,1538,1595,1595,1595,1595,1,424.76
Colors-7,Kurta,0.3,381,1538,1595,1595,1595,1595,1,69.23
Colors-7,Kurta,0.3,381,1538,1595,1595,1595,1595,1,11.89
Colors-7,Kurta,0.3,381,1538,1595,1595,1595,1595,1,369.15
Colors-7,Kurta,0.3,381,1538,1595,1595,1595,1595,1,15.47
Colors-7,Kurta,0.3,381,1538,1595,1595,1595,1595,1,307.46
Colors-7,Kurta,0.3,381,1538,1595,1595,1595,1595,1,110.49
Colors-7,Kurta,0.3,381,1538,1595,1595,1595,1595,1,432.75
Colors-7,Kurta,0.3,381,1538,1595,1595,1595,1595,1,98.14
Colors-7,Kurta,0.3,381,1538,1595,1595,1595,1595,1,321.77
Colors-7,Kurta,0.3,381,1538,1595,1595,1595,1595,1,28.52
Colors-7,Kurta,0.3,381,1538,1595,1595,1595,1595,1,297.72
Colors-7,Kurta,0.3,381,1538,1595,1595,1595,1595,1,277.68
Colors-7,Kurta,0.3,381,1538,1595,1595,1595,1595,1,465.18
Colors-7,Kurta,0.3,381,1538,1595,1595,1595,1595,1,471.57
Colors-7,Kurta,0.3,381,1538,1595,1595,1595,1595,1,272.91
Colors-7,Kurta,0.3,381,1538,1595,1595,1595,1595,1,418.19
Colors-7,Kurta,0.3,381,1538,1595,1595,1595,1595,1,306.74
Colors-7,Kurta,0.3,381,1538,1595,1595,1595,1595,1,411.16
Colors-7,Kurta,0.3,381,1538,1595,1595,1595,1595,1,348.09
Colors-7,Kurta,0.3,381,1538,1595,1595,1595,1595,1,65.18
Colors-7,Kurta,0.3,381,1538,1595,1595,1595,1595,1,71.61
Colors-7,Kurta,0.3,381,1538,1595,1595,1595,1595,1,473.99
Colors-7,Kurta,0.3,381,1538,1595,1595,1595,1595,1,474.42
Colors-7,Kurta,0.3,381,1538,1595,1595,1595,1595,1,396.72
Mix,Kurta,0.3,952,3858,3995,3995,3995,3995,1,21.25
Mix,Kurta,0.3,952,3858,3995,3995,3995,3995,1,453.31
Mix,Kurta,0.3,952,3858,3995,3995,3995,3995,1,170.1
Mix,Kurta,0.3,952,3858,3995,3995,3995,3995,1,446.94
Mix,Kurta,0.3,952,3858,3995,3995,3995,3995,1,436.66
Mix,Kurta,0.3,952,3858,3995,3995,3995,3995,1,467.51
Mix,Kurta,0.3,952,3858,3995,3995,3995,3995,1,190.64
Mix,Kurta,0.3,952,3858,3995,3995,3995,3995,1,463.82
Mix,Kurta,0.3,952,3858,3995,3995,3995,3995,1,78.29
Mix,Kurta,0.3,952,3858,3995,3995,3995,3995,1,355.26
Mix,Kurta,0.3,952,3858,3995,3995,3995,3995,1,336.17
Mix,Kurta,0.3,952,3858,3995,3995,3995,3995,1,437.57
Mix,Kurta,0.3,570,2298,2395,2395,2395,2395,1,283.98
Mix,Kurta,0.3,570,2298,2395,2395,2395,2395,1,467.05
Mix,Kurta,0.3,570,2298,2395,2395,2395,2395,1,383.92
Mix,Kurta,0.3,570,2298,2395,2395,2395,2395,1,232.19
Mix,Kurta,0.3,570,2298,2395,2395,2395,2395,1,435.47
Mix,Kurta,0.3,570,2298,2395,2395,2395,2395,1,310.27
Mix,Kurta,0.3,519,2098,2195,2195,2195,2195,1,22.05
Mix,Kurta,0.3,519,2098,2195,2195,2195,2195,1,499.7
Mix,Kurta,0.3,519,2098,2195,2195,2195,2195,1,234.65
Mix,Kurta,0.3,519,2098,2195,2195,2195,2195,1,447.87
Mix,Kurta,0.3,519,2098,2195,2195,2195,2195,1,195.34
Mix,Kurta,0.3,519,2098,2195,2195,2195,2195,1,275.05
Mix,Kurta,0.3,714,2878,2995,2995,2995,2995,1,164.1
Mix,Kurta,0.3,714,2878,2995,2995,2995,2995,1,328.24
Mix,Kurta,0.3,714,2878,2995,2995,2995,2995,1,462.46
Mix,Kurta,0.3,714,2878,2995,2995,2995,2995,1,228.64
Mix,Kurta,0.3,714,2878,2995,2995,2995,2995,1,306.38
Mix,Kurta,0.3,714,2878,2995,2995,2995,2995,1,455.21
Mix,Kurta,0.3,519,2098,2195,2195,2195,2195,1,206.06
Mix,Kurta,0.3,519,2098,2195,2195,2195,2195,1,372.99
Mix,Kurta,0.3,519,2098,2195,2195,2195,2195,1,84.93
Mix,Kurta,0.3,519,2098,2195,2195,2195,2195,1,41.74
Mix,Kurta,0.3,519,2098,2195,2195,2195,2195,1,225.29
Mix,Kurta,0.3,519,2098,2195,2195,2195,2195,1,27.65
Mix,Kurta,0.3,595,2398,2495,2495,2495,2495,1,48.68
Mix,Kurta,0.3,595,2398,2495,2495,2495,2495,1,63.32
Mix,Kurta,0.3,595,2398,2495,2495,2495,2495,1,480.09
Mix,Kurta,0.3,595,2398,2495,2495,2495,2495,1,238.86
Mix,Kurta,0.3,595,2398,2495,2495,2495,2495,1,169.0
Mix,Kurta,0.3,595,2398,2495,2495,2495,2495,1,424.82
Mix,Kurta,0.3,467,1878,1995,1995,1995,1995,1,119.8
Mix,Kurta,0.3,467,1878,1995,1995,1995,1995,1,330.44
Mix,Kurta,0.3,467,1878,1995,1995,1995,1995,1,409.12
Mix,Kurta,0.3,467,1878,1995,1995,1995,1995,1,342.62
Mix,Kurta,0.3,467,1878,1995,1995,1995,1995,1,470.12
Mix,Kurta,0.3,467,1878,1995,1995,1995,1995,1,216.6
Mix,Kurta,0.3,552,2238,2395,2395,2395,2395,1,411.47
Mix,Kurta,0.3,552,2238,2395,2395,2395,2395,1,471.46
Mix,Kurta,0.3,552,2238,2395,2395,2395,2395,1,131.07
Mix,Kurta,0.3,552,2238,2395,2395,2395,2395,1,165.19
Mix,Kurta,0.3,552,2238,2395,2395,2395,2395,1,428.76
Mix,Kurta,0.3,552,2238,2395,2395,2395,2395,1,326.44
Mix,Kurta,0.3,529,2138,2295,2295,2295,2295,1,66.08
Mix,Kurta,0.3,529,2138,2295,2295,2295,2295,1,443.36
Mix,Kurta,0.3,529,2138,2295,2295,2295,2295,1,53.45
Mix,Kurta,0.3,529,2138,2295,2295,2295,2295,1,461.08
Mix,Kurta,0.3,529,2138,2295,2295,2295,2295,1,418.03
Mix,Kurta,0.3,529,2138,2295,2295,2295,2295,1,432.6
Mix,Kurta Set,0.4,662,2678,2795,2795,2795,2795,1,347.23
Mix,Kurta Set,0.4,662,2678,2795,2795,2795,2795,1,485.44
Mix,Kurta Set,0.4,662,2678,2795,2795,2795,2795,1,46.5
Mix,Kurta Set,0.4,662,2678,2795,2795,2795,2795,1,16.02
Mix,Kurta Set,0.4,662,2678,2795,2795,2795,2795,1,480.7
Mix,Kurta Set,0.4,662,2678,2795,2795,2795,2795,1,132.48
Mix,Kurta,0.3,538,2178,2295,2295,2295,2295,1,164.07
Mix,Kurta,0.3,538,2178,2295,2295,2295,2295,1,235.28
Mix,Kurta,0.3,538,2178,2295,2295,2295,2295,1,29.03
Mix,Kurta,0.3,538,2178,2295,2295,2295,2295,1,303.71
Mix,Kurta,0.3,538,2178,2295,2295,2295,2295,1,19.91
Mix,Kurta,0.3,538,2178,2295,2295,2295,2295,1,169.28
Mix,Kurta,0.3,529,2138,2295,2295,2295,2295,1,427.84
Mix,Kurta,0.3,529,2138,2295,2295,2295,2295,1,188.14
Mix,Kurta,0.3,529,2138,2295,2295,2295,2295,1,483.16
Mix,Kurta,0.3,529,2138,2295,2295,2295,2295,1,467.15
Mix,Kurta,0.3,529,2138,2295,2295,2295,2295,1,11.25
Mix,Kurta,0.3,529,2138,2295,2295,2295,2295,1,99.0
Mix,Kurta,0.3,570,2298,2295,2295,2295,2295,1,117.89
Mix,Kurta,0.3,570,2298,2295,2295,2295,2295,1,461.33
Mix,Kurta,0.3,570,2298,2295,2295,2295,2295,1,125.74
Mix,Kurta,0.3,570,2298,2295,2295,2295,2295,1,444.61
Mix,Kurta,0.3,570,2298,2295,2295,2295,2295,1,122.74
Mix,Kurta,0.3,570,2298,2295,2295,2295,2295,1,239.11
Mix,Kurta,0.3,570,2298,2295,2295,2295,2295,1,464.05
Mix,Kurta,0.3,570,2298,2295,2295,2295,2295,1,49.02
Mix,Kurta,0.3,570,2298,2295,2295,2295,2295,1,135.21
Mix,Kurta,0.3,570,2298,2295,2295,2295,2295,1,193.09
Mix,Kurta,0.3,570,2298,2295,2295,2295,2295,1,381.01
Mix,Kurta,0.3,570,2298,2295,2295,2295,2295,1,153.16
Mix,Kurta,0.3,570,2298,2295,2295,2295,2295,1,59.43
Mix,Kurta,0.3,570,2298,2295,2295,2295,2295,1,324.98
Mix,Kurta,0.3,570,2298,2295,2295,2295,2295,1,128.46
Mix,Kurta,0.3,570,2298,2295,2295,2295,2295,1,46.84
Mix,Kurta,0.3,570,2298,2295,2295,2295,2295,1,405.9
Mix,Kurta,0.3,570,2298,2295,2295,2295,2295,1,499.5
Mix,Kurta,0.3,724,2918,3095,3095,3095,3095,1,446.96
Mix,Kurta,0.3,724,2918,3095,3095,3095,3095,1,129.29
Mix,Kurta,0.3,724,2918,3095,3095,3095,3095,1,482.06
Mix,Kurta,0.3,724,2918,3095,3095,3095,3095,1,31.01
Mix,Kurta,0.3,724,2918,3095,3095,3095,3095,1,110.97
Mix,Kurta,0.3,724,2918,3095,3095,3095,3095,1,14.43
Mix,Kurta,0.3,538,2178,2295,2295,2295,2295,1,421.25
Mix,Kurta,0.3,538,2178,2295,2295,2295,2295,1,282.7
Mix,Kurta,0.3,538,2178,2295,2295,2295,2295,1,272.11
Mix,Kurta,0.3,538,2178,2295,2295,2295,2295,1,34.1
Mix,Kurta,0.3,538,2178,2295,2295,2295,2295,1,149.46
Mix,Kurta,0.3,538,2178,2295,2295,2295,2295,1,144.6
Mix,Kurta,0.3,570,2298,2395,2395,2395,2395,1,381.87
Mix,Kurta,0.3,570,2298,2395,2395,2395,2395,1,295.95
Mix,Kurta,0.3,570,2298,2395,2395,2395,2395,1,170.59
Mix,Kurta,0.3,570,2298,2395,2395,2395,2395,1,427.29
Mix,Kurta,0.3,570,2298,2395,2395,2395,2395,1,59.48
Mix,Kurta,0.3,570,2298,2395,2395,2395,2395,1,246.76
Mix,Kurta,0.3,570,2298,2395,2395,2395,2395,1,148.11
Mix,Kurta,0.3,570,2298,2395,2395,2395,2395,1,297.21
Mix,Kurta,0.3,570,2298,2395,2395,2395,2395,1,244.44
Mix,Kurta,0.3,570,2298,2395,2395,2395,2395,1,384.76
Mix,Kurta,0.3,570,2298,2395,2395,2395,2395,1,170.2
Mix,Kurta,0.3,570,2298,2395,2395,2395,2395,1,299.34
Mix,Kurta,0.3,529,2138,2395,2395,2395,2395,1,206.54
Mix,Kurta,0.3,529,2138,2395,2395,2395,2395,1,157.75
Mix,Kurta,0.3,529,2138,2395,2395,2395,2395,1,197.53
Mix,Kurta,0.3,529,2138,2395,2395,2395,2395,1,170.39
Mix,Kurta,0.3,529,2138,2395,2395,2395,2395,1,174.0
Mix,Kurta,0.3,529,2138,2395,2395,2395,2395,1,250.0
Mix,Kurta,0.3,529,2138,2395,2395,2395,2395,1,335.84
Mix,Kurta,0.3,529,2138,2395,2395,2395,2395,1,270.51
Mix,Kurta,0.3,529,2138,2395,2395,2395,2395,1,202.4
Mix,Kurta,0.3,529,2138,2395,2395,2395,2395,1,384.59
Mix,Kurta,0.3,529,2138,2395,2395,2395,2395,1,459.14
Mix,Kurta,0.3,529,2210,2395,2395,2395,2395,1,260.62
Mix,Kurta,0.3,424,2240,1695,1695,1695,1695,1,186.89
Mix,Kurta,0.3,424,1695,1695,1695,1695,1695,1,267.4
Mix,Kurta,0.3,424,1695,1695,1695,1695,1695,1,261.03
Mix,Kurta,0.3,424,1695,1695,1695,1695,1695,1,133.09
Mix,Kurta,0.3,424,1695,1695,1695,1695,1695,1,408.02
Mix,Kurta,0.3,424,1695,1695,1695,1695,1695,1,82.77
Mix,Kurta,0.3,424,1695,1695,1695,1695,1695,1,33.03
Mix,Kurta,0.3,424,1695,1695,1695,1695,1695,1,191.1
Mix,Kurta,0.3,424,1695,1695,1695,1695,1695,1,242.13
Mix,Kurta,0.3,424,1695,1695,1695,1695,1695,1,185.27
Mix,Kurta,0.3,424,1695,1695,1695,1695,1695,1,434.56
Mix,Kurta,0.3,424,1695,1695,1695,1695,1695,1,119.47
Mix,Kurta,0.3,381,1595,1595,1595,1595,1595,1,441.04
Mix,Kurta,0.3,381,1595,1595,1595,1595,1595,1,461.87
Mix,Kurta,0.3,381,1595,1595,1595,1595,1595,1,318.35
Mix,Kurta,0.3,381,1595,1595,1595,1595,1595,1,342.95
Mix,Kurta,0.3,381,1595,1595,1595,1595,1595,1,168.12
Mix,Kurta,0.3,381,1595,1595,1595,1595,1595,1,174.02
Mix,Kurta,0.3,381,1595,1595,1595,1595,1595,1,172.32
Mix,Kurta,0.3,381,1595,1595,1595,1595,1595,1,267.68
Mix,Kurta,0.3,381,1595,1595,1595,1595,1595,1,78.15
Mix,Kurta,0.3,381,1595,1595,1595,1595,1595,1,125.2
Mix,Kurta,0.3,381,1595,1595,1595,1595,1595,1,428.58
Mix,Kurta,0.3,381,1595,1595,1595,1595,1595,1,135.42
Mix,Kurta,0.3,471,1895,1895,1895,1895,1895,1,334.1
Mix,Kurta,0.3,471,1895,1895,1895,1895,1895,1,32.42
Mix,Kurta,0.3,471,1895,1895,1895,1895,1895,1,108.62
Mix,Kurta,0.3,471,1895,1895,1895,1895,1895,1,102.55
Mix,Kurta,0.3,471,1895,1895,1895,1895,1895,1,362.34
Mix,Kurta,0.3,471,1895,1895,1895,1895,1895,1,410.36
Mix,Kurta,0.3,471,1895,1895,1895,1895,1895,1,230.24
Mix,Kurta,0.3,471,1895,1895,1895,1895,1895,1,318.19
Mix,Kurta,0.3,471,1895,1895,1895,1895,1895,1,221.57
Mix,Kurta,0.3,471,1895,1895,1895,1895,1895,1,384.53
Mix,Kurta,0.3,471,1895,1895,1895,1895,1895,1,405.41
Mix,Kurta,0.3,471,1895,1895,1895,1895,1895,1,269.27
Mix,Kurta,0.3,471,1895,1895,1895,1895,1895,1,229.72
Mix,Kurta,0.3,471,1895,1895,1895,1895,1895,1,146.04
Mix,Kurta,0.3,471,1895,1895,1895,1895,1895,1,134.06
Mix,Kurta,0.3,471,1895,1895,1895,1895,1895,1,452.56
Mix,Kurta,0.3,471,1895,1895,1895,1895,1895,1,249.42
Mix,Kurta,0.3,471,1895,1895,1895,1895,1895,1,171.59
Mix,Kurta,0.3,381,1595,1595,1595,1595,1595,1,121.62
Mix,Kurta,0.3,381,1595,1595,1595,1595,1595,1,113.97
Mix,Kurta,0.3,381,1595,1595,1595,1595,1595,1,415.68
Mix,Kurta,0.3,381,1595,1595,1595,1595,1595,1,499.44
Mix,Kurta,0.3,381,1595,1595,1595,1595,1595,1,339.33
Mix,Kurta,0.3,381,1595,1595,1595,1595,1595,1,319.92
Mix,Kurta,0.3,286,1195,1195,1195,1195,1195,1,299.43
Mix,Kurta,0.3,286,1195,1195,1195,1195,1195,1,231.17
Mix,Kurta,0.3,286,1195,1195,1195,1195,1195,1,207.93
Mix,Kurta,0.3,286,1195,1195,1195,1195,1195,1,50.4
Mix,Kurta,0.3,286,1195,1195,1195,1195,1195,1,387.24
Mix,Kurta,0.3,286,1195,1195,1195,1195,1195,1,386.54
Mix,Kurta,0.3,381,1595,1595,1595,1595,1595,1,462.41
Mix,Kurta,0.3,381,1595,1595,1595,1595,1595,1,375.27
Mix,Kurta,0.3,381,1595,1595,1595,1595,1595,1,73.3
Mix,Kurta,0.3,381,1595,1595,1595,1595,1595,1,141.9
Mix,Kurta,0.3,381,1595,1595,1595,1595,1595,1,71.57
Mix,Kurta,0.3,381,1595,1595,1595,1595,1595,1,294.62
Mix,Kurta,0.3,500,1995,1995,1995,1995,1995,1,280.99
Mix,Kurta,0.3,500,1995,1995,1995,1995,1995,1,37.33
Mix,Kurta,0.3,500,1995,1995,1995,1995,1995,1,352.78
Mix,Kurta,0.3,500,1995,1995,1995,1995,1995,1,481.57
Mix,Kurta,0.3,500,1995,1995,1995,1995,1995,1,200.32
Mix,Kurta,0.3,500,1995,1995,1995,1995,1995,1,410.02
Mix,Kurta,0.3,471,1895,1895,1895,1895,1895,1,51.77
Mix,Kurta,0.3,471,1895,1895,1895,1895,1895,1,32.96
Mix,Kurta,0.3,471,1895,1895,1895,1895,1895,1,411.18
Mix,Kurta,0.3,471,1895,1895,1895,1895,1895,1,80.57
Mix,Kurta,0.3,471,1895,1895,1895,1895,1895,1,319.69
Mix,Kurta,0.3,471,1895,1895,1895,1895,1895,1,475.95
Mix,Kurta,0.3,381,1595,1595,1595,1595,1595,1,56.3
Mix,Kurta,0.3,381,1595,1595,1595,1595,1595,1,36.73
Mix,Kurta,0.3,381,1595,1595,1595,1595,1595,1,35.38
Mix,Kurta,0.3,381,1595,1595,1595,1595,1595,1,259.9
Mix,Kurta,0.3,381,1595,1595,1595,1595,1595,1,11.98
Mix,Kurta,0.3,381,1595,1595,1595,1595,1595,1,111.91
Mix,Kurta,0.3,381,1595,1595,1595,1595,1595,1,207.21
Mix,Kurta,0.3,381,1595,1595,1595,1595,1595,1,318.17
Mix,Kurta,0.3,381,1595,1595,1595,1595,1595,1,57.61
Mix,Kurta,0.3,381,1595,1595,1595,1595,1595,1,244.3
Mix,Kurta,0.3,381,1595,1595,1595,1595,1595,1,399.65
Mix,Kurta,0.3,381,1595,1595,1595,1595,1595,1,216.28
Mix,Kurta,0.3,381,1595,1595,1595,1595,1595,1,131.11
Mix,Kurta,0.3,381,1595,1595,1595,1595,1595,1,238.25
Mix,Kurta,0.3,381,1595,1595,1595,1595,1595,1,190.02
Mix,Kurta,0.3,381,1595,1595,1595,1595,1595,1,223.9
Mix,Kurta,0.3,381,1595,1595,1595,1595,1595,1,167.85
Mix,Kurta,0.3,381,1595,1595,1595,1595,1595,1,208.0
Mix,Kurta,0.3,381,1595,1595,1595,1595,1595,1,224.24
Mix,Kurta,0.3,381,1595,1595,1595,1595,1595,1,71.92
Mix,Kurta,0.3,381,1595,1595,1595,1595,1595,1,246.98
Mix,Kurta,0.3,381,1595,1595,1595,1595,1595,1,47.6
Mix,Kurta,0.3,381,1595,1595,1595,1595,1595,1,125.22
Mix,Kurta,0.3,381,1595,1595,1595,1595,1595,1,175.14
Mix,Kurta,0.3,581,2395,2395,2395,2395,2395,1,390.38
Mix,Kurta,0.3,581,2395,2395,2395,2395,2395,1,251.5
Mix,Kurta,0.3,581,2395,2395,2395,2395,2395,1,299.99
Mix,Kurta,0.3,581,2395,2395,2395,2395,2395,1,382.28
Mix,Kurta,0.3,581,2395,2395,2395,2395,2395,1,429.87
Mix,Kurta,0.3,581,2395,2395,2395,2395,2395,1,38.83
Mix,Kurta,0.3,381,1595,1595,1595,1595,1595,1,220.94
Mix,Kurta,0.3,381,1595,1595,1595,1595,1595,1,144.76
Mix,Kurta,0.3,381,1595,1595,1595,1595,1595,1,85.78
Mix,Kurta,0.3,381,1595,1595,1595,1595,1595,1,148.27
Mix,Kurta,0.3,381,1595,1595,1595,1595,1595,1,409.06
Mix,Kurta,0.3,381,1595,1595,1595,1595,1595,1,442.35
Mix,Kurta,0.3,471,1895,1895,1895,1895,1895,1,240.38
Mix,Kurta,0.3,471,1895,1895,1895,1895,1895,1,301.41
Mix,Kurta,0.3,471,1895,1895,1895,1895,1895,1,458.2
Mix,Kurta,0.3,471,1895,1895,1895,1895,1895,1,464.08
Mix,Kurta,0.3,471,1895,1895,1895,1895,1895,1,441.12
Mix,Kurta,0.3,471,1895,1895,1895,1895,1895,1,240.77
Mix,Kurta,0.3,457,1895,1895,1895,1895,1895,1,372.61
Mix,Kurta,0.3,457,1895,1895,1895,1895,1895,1,167.28
Mix,Kurta,0.3,457,1895,1895,1895,1895,1895,1,38.92
Mix,Kurta,0.3,457,1895,1895,1895,1895,1895,1,41.34
Mix,Kurta,0.3,457,1895,1895,1895,1895,1895,1,341.73
Mix,Kurta,0.3,457,1895,1895,1895,1895,1895,1,274.34
Mix,Kurta,0.3,424,1695,1695,1695,1695,1695,1,276.02
Mix,Kurta,0.3,424,1695,1695,1695,1695,1695,1,170.26
Mix,Kurta,0.3,424,1695,1695,1695,1695,1695,1,326.51
Mix,Kurta,0.3,424,1695,1695,1695,1695,1695,1,63.29
Mix,Kurta,0.3,424,1695,1695,1695,1695,1695,1,315.79
Mix,Kurta,0.3,424,1695,1695,1695,1695,1695,1,488.45
Mix,Kurta,0.3,424,1695,1695,1695,1695,1695,1,273.84
Mix,Kurta,0.3,424,1695,1695,1695,1695,1695,1,452.52
Mix,Kurta,0.3,424,1695,1695,1695,1695,1695,1,12.02
Mix,Kurta,0.3,424,1695,1695,1695,1695,1695,1,179.16
Mix,Kurta,0.3,424,1695,1695,1695,1695,1695,1,24.59
Mix,Kurta,0.3,424,1695,1695,1695,1695,1695,1,322.79
Mix,Kurta,0.3,500,1995,1995,1995,1995,1995,1,362.44
Mix,Kurta,0.3,500,1995,1995,1995,1995,1995,1,367.84
Mix,Kurta,0.3,500,1995,1995,1995,1995,1995,1,107.52
Mix,Kurta,0.3,500,1995,1995,1995,1995,1995,1,264.46
Mix,Kurta,0.3,500,1995,1995,1995,1995,1995,1,389.95
Mix,Kurta,0.3,500,1995,1995,1995,1995,1995,1,282.66
Mix,Kurta,0.3,500,1995,1995,1995,1995,1995,1,246.51
Mix,Kurta,0.3,457,1895,1895,1895,1895,1895,1,126.48
Mix,Kurta,0.3,457,1895,1895,1895,1895,1895,1,291.39
Mix,Kurta,0.3,457,1895,1895,1895,1895,1895,1,216.33
Mix,Kurta,0.3,457,1895,1895,1895,1895,1895,1,63.27
Mix,Kurta,0.3,457,1895,1895,1895,1895,1895,1,136.23
Mix,Kurta,0.3,457,1895,1895,1895,1895,1895,1,438.28
Mix,Kurta,0.3,424,1695,1695,1695,1695,1695,1,366.23
Mix,Kurta,0.3,424,1695,1695,1695,1695,1695,1,349.12
Mix,Kurta,0.3,424,1695,1695,1695,1695,1695,1,387.55
Mix,Kurta,0.3,424,1695,1695,1695,1695,1695,1,258.75
Mix,Kurta,0.3,424,1695,1695,1695,1695,1695,1,224.46
Mix,Kurta,0.3,424,1695,1695,1695,1695,1695,1,453.62
Mix,Kurta,0.3,425,1795,1795,1795,1695,1695,1,10.81
Mix,Kurta,0.3,425,1795,1795,1795,1695,1695,1,196.91
Mix,Kurta,0.3,425,1795,1795,1795,1695,1695,1,426.51
Mix,Kurta,0.3,425,1795,1795,1795,1695,1695,1,473.25
Mix,Kurta,0.3,425,1795,1795,1795,1695,1695,1,461.1
Mix,Kurta,0.3,425,1795,1795,1795,1695,1695,1,157.17
Mix,Kurta,0.3,425,1795,1795,1795,1695,1695,1,61.31
Mix,Kurta,0.3,425,1795,1795,1795,1695,1695,1,253.4
Mix,Kurta,0.3,425,1795,1795,1795,1695,1695,1,53.01
Mix,Kurta,0.3,425,1795,1795,1795,1695,1695,1,244.66
Mix,Kurta,0.3,425,1795,1795,1795,1695,1695,1,282.66
Mix,Kurta,0.3,425,1795,1795,1795,1695,1695,1,116.67
Mix,Kurta,0.3,425,1795,1795,1795,1695,1695,1,417.9
Mix,Kurta,0.3,425,1795,1795,1795,1695,1695,1,55.1
Mix,Kurta,0.3,425,1795,1795,1795,1695,1695,1,126.35
Mix,Kurta,0.3,425,1795,1795,1795,1695,1695,1,237.16
Mix,Kurta,0.3,425,1795,1795,1795,1695,1695,1,119.96
Mix,Kurta,0.3,425,1795,1795,1795,1695,1695,1,269.81
Mix,Kurta,0.3,395,1695,1695,1695,1895,1895,1,447.04
Mix,Kurta,0.3,395,1695,1695,1695,1895,1895,1,362.83
Mix,Kurta,0.3,395,1695,1695,1695,1895,1895,1,34.96
Mix,Kurta,0.3,395,1695,1695,1695,1895,1895,1,343.58
Mix,Kurta,0.3,395,1695,1695,1695,1895,1895,1,370.17
Mix,Kurta,0.3,395,1695,1695,1695,1895,1895,1,499.01
Mix,Kurta,0.3,395,1695,1695,1695,1895,1895,1,290.11
Mix,Kurta,0.3,395,1695,1695,1695,1895,1895,1,438.48
Mix,Kurta,0.3,395,1695,1695,1695,1895,1895,1,256.45
Mix,Kurta,0.3,395,1695,1695,1695,1895,1895,1,404.04
Mix,Kurta,0.3,395,1695,1695,1695,1895,1895,1,458.95
Mix,Kurta,0.3,395,1695,1695,1695,1895,1895,1,240.68
Mix,Kurta,0.3,395,1695,1695,1695,1895,1895,1,282.13
Mix,Kurta,0.3,395,1695,1695,1695,1895,1895,1,407.81
Mix,Kurta,0.3,395,1695,1695,1695,1895,1895,1,40.19
Mix,Kurta,0.3,395,1695,1695,1695,1895,1895,1,201.29
Mix,Kurta,0.3,395,1695,1695,1695,1895,1895,1,90.3
Mix,Kurta,0.3,395,1695,1695,1695,1895,1895,1,45.95
Mix,Kurta,0.3,395,1695,1695,1695,1695,1695,1,201.41
Mix,Kurta,0.3,395,1695,1695,1695,1695,1695,1,485.07
Mix,Kurta,0.3,395,1695,1695,1695,1695,1695,1,360.51
Mix,Kurta,0.3,395,1695,1695,1695,1695,1695,1,45.96
Mix,Kurta,0.3,395,1695,1695,1695,1695,1695,1,198.21
Mix,Kurta,0.3,395,1695,1695,1695,1695,1695,1,416.44
Mix,Kurta,0.3,395,1695,1695,1695,1895,1895,1,84.14
Mix,Kurta,0.3,395,1695,1695,1695,1895,1895,1,85.87
Mix,Kurta,0.3,395,1695,1695,1695,1895,1895,1,322.93
Mix,Kurta,0.3,395,1695,1695,1695,1895,1895,1,363.32
Mix,Kurta,0.3,395,1695,1695,1695,1895,1895,1,150.92
Mix,Kurta,0.3,395,1695,1695,1695,1895,1895,1,49.74
Mix,Kurta,0.3,395,1695,1695,1695,1695,1695,1,234.2
Mix,Kurta,0.3,395,1695,1695,1695,1695,1695,1,43.96
Mix,Kurta,0.3,395,1695,1695,1695,1695,1695,1,458.7
Mix,Kurta,0.3,395,1695,1695,1695,1695,1695,1,268.37
Mix,Kurta,0.3,395,1695,1695,1695,1695,1695,1,48.7
Mix,Kurta,0.3,395,1695,1695,1695,1695,1695,1,311.68
Mix,Kurta,0.3,395,1695,1695,1695,2495,2495,1,374.95
Mix,Kurta,0.3,395,1695,1695,1695,2495,2495,1,331.91
Mix,Kurta,0.3,395,1695,1695,1695,2495,2495,1,309.05
Mix,Kurta,0.3,395,1695,1695,1695,2495,2495,1,456.6
Mix,Kurta,0.3,395,1695,1695,1695,2495,2495,1,31.15
Mix,Kurta,0.3,395,1695,1695,1695,2495,2495,1,314.71
Mix,Kurta,0.3,425,1795,1795,1795,1795,1795,1,28.96
Mix,Kurta,0.3,425,1795,1795,1795,1795,1795,1,327.48
Mix,Kurta,0.3,425,1795,1795,1795,1795,1795,1,273.13
Mix,Kurta,0.3,425,1795,1795,1795,1795,1795,1,464.56
Mix,Kurta,0.3,425,1795,1795,1795,1795,1795,1,397.51
Mix,Kurta,0.3,425,1795,1795,1795,1795,1795,1,160.65
Mix,Kurta,0.3,395,1695,1695,1695,1695,1695,1,232.91
Mix,Kurta,0.3,395,1695,1695,1695,1695,1695,1,85.73
Mix,Kurta,0.3,395,1695,1695,1695,1695,1695,1,13.14
Mix,Kurta,0.3,395,1695,1695,1695,1695,1695,1,406.85
Mix,Kurta,0.3,395,1695,1695,1695,1695,1695,1,334.72
Mix,Kurta,0.3,395,1695,1695,1695,1695,1695,1,43.43
Mix,Kurta,0.3,395,1695,1695,1695,1695,1695,1,161.36
Mix,Kurta,0.3,395,1695,1695,1695,1695,1695,1,192.42
Mix,Kurta,0.3,395,1695,1695,1695,1695,1695,1,339.95
Mix,Kurta,0.3,395,1695,1695,1695,1695,1695,1,277.43
Mix,Kurta,0.3,395,1695,1695,1695,1695,1695,1,482.03
Mix,Kurta,0.3,395,1695,1695,1695,1695,1695,1,259.83
Mix,Kurta,0.3,395,1695,1695,1695,1695,1695,1,58.67
Mix,Gown,0.4,695,2795,2795,2795,2795,2795,1,373.96
Mix,Gown,0.4,695,2795,2795,2795,2795,2795,1,63.49
Mix,Gown,0.4,695,2795,2795,2795,2795,2795,1,43.62
Mix,Gown,0.4,695,2795,2795,2795,2795,2795,1,188.72
Mix,Gown,0.4,695,2795,2795,2795,2795,2795,1,300.21
Mix,Gown,0.4,695,2795,2795,2795,2795,2795,1,41.01
Mix,Gown,0.4,695,2795,2795,2795,2795,2795,1,458.82
Mix,Gown,0.4,695,2795,2795,2795,2795,2795,1,276.5
Mix,Gown,0.4,695,2795,2795,2795,2795,2795,1,67.07
Mix,Gown,0.4,695,2795,2795,2795,2795,2795,1,164.84
Mix,Gown,0.4,695,2795,2795,2795,2795,2795,1,19.95
Mix,Gown,0.4,695,2795,2795,2795,2795,2795,1,423.99
Mix,Gown,0.4,695,2795,2795,2795,2795,2795,1,33.42
Mix,Gown,0.4,695,2795,2795,2795,2795,2795,1,440.87
Mix,Gown,0.4,695,2795,2795,2795,2795,2795,1,20.57
Mix,Gown,0.4,695,2795,2795,2795,2795,2795,1,122.24
Mix,Gown,0.4,695,2795,2795,2795,2795,2795,1,357.5
Mix,Gown,0.4,695,2795,2795,2795,2795,2795,1,188.76
Mix,Gown,0.4,695,2795,2795,2795,2795,2795,1,459.64
Mix,Gown,0.4,695,2795,2795,2795,2795,2795,1,49.92
Mix,Kurta,0.3,395,1695,1695,1695,1695,1695,1,283.66
Mix,Kurta,0.3,395,1695,1695,1695,1695,1695,1,22.39
Mix,Kurta,0.3,395,1695,1695,1695,1695,1695,1,460.19
Mix,Kurta,0.3,395,1695,1695,1695,1695,1695,1,259.84
Mix,Kurta,0.3,395,1695,1695,1695,1695,1695,1,417.26
Mix,Kurta,0.3,395,1695,1695,1695,1695,1695,1,169.35
Mix,Kurta,0.3,395,1695,1695,1695,1695,1695,1,116.59
Mix,Kurta,0.3,395,1695,1695,1695,1695,1695,1,285.01
Mix,Kurta,0.3,395,1695,1695,1695,1695,1695,1,259.81
Mix,Kurta,0.3,395,1695,1695,1695,1695,1695,1,332.23
Mix,Kurta,0.3,395,1695,1695,1695,1695,1695,1,442.15
Mix,Kurta,0.3,395,1695,1695,1695,1695,1695,1,56.52
Mix,Kurta,0.3,395,1695,1695,1695,1695,1695,1,356.38
Mix,Kurta,0.3,395,1695,1695,1695,1695,1695,1,437.64
Mix,Kurta,0.3,395,1695,1695,1695,1695,1695,1,41.5
Mix,Kurta,0.3,395,1695,1695,1695,1695,1695,1,205.97
Mix,Kurta,0.3,395,1695,1695,1695,1695,1695,1,323.52
Mix,Kurta,0.3,395,1695,1695,1695,1695,1695,1,177.27
Mix,Kurta,0.3,395,1695,1695,1695,1695,1695,1,67.0
Mix,Kurta,0.3,395,1695,1695,1695,1695,1695,1,324.48
Mix,Kurta,0.3,395,1695,1695,1695,1695,1695,1,361.61
Mix,Kurta,0.3,395,1695,1695,1695,1695,1695,1,158.7
Mix,Kurta,0.3,395,1695,1695,1695,1695,1695,1,140.64
Mix,Kurta,0.3,395,1695,1695,1695,1695,1695,1,101.13
Mix,Kurta,0.3,395,1695,1695,1695,1695,1695,1,149.02
Mix,Kurta,0.3,395,1695,1695,1695,1695,1695,1,337.01
Mix,Kurta,0.3,395,1695,1695,1695,1695,1695,1,354.54
Mix,Kurta,0.3,395,1695,1695,1695,1695,1695,1,360.41
Mix,Kurta,0.3,395,1695,1695,1695,1695,1695,1,475.65
Mix,Kurta,0.3,395,1695,1695,1695,1695,1695,1,489.41
Mix,Kurta,0.3,395,1695,1695,1695,1695,1695,1,321.23
Mix,Kurta,0.3,395,1695,1695,1695,1695,1695,1,327.03
Mix,Kurta,0.3,395,1695,1695,1695,1695,1695,1,332.97
Mix,Kurta,0.3,395,1695,1695,1695,1695,1695,1,329.52
Mix,Kurta,0.3,395,1695,1695,1695,1695,1695,1,103.08
Mix,Kurta,0.3,395,1695,1695,1695,1695,1695,1,98.81
Mix,Kurta,0.3,395,1695,1695,1695,1695,1695,1,215.59
Mix,Kurta,0.3,395,1695,1695,1695,1695,1695,1,185.99
Mix,Kurta,0.3,395,1695,1695,1695,1695,1695,1,425.09
Mix,Kurta,0.3,395,1695,1695,1695,1695,1695,1,51.38
Mix,Kurta,0.3,395,1695,1695,1695,1695,1695,1,205.79
Mix,Kurta,0.3,395,1695,1695,1695,1695,1695,1,237.39
Mix,Kurta,0.3,395,1695,1695,1695,1695,1695,1,10.74
Mix,Kurta,0.3,395,1695,1695,1695,1695,1695,1,168.13
Mix,Kurta,0.3,395,1695,1695,1695,1695,1695,1,238.36
Mix,Kurta,0.3,395,1695,1695,1695,1695,1695,1,30.59
Mix,Kurta,0.3,395,1695,1695,1695,1695,1695,1,252.08
Mix,Kurta,0.3,395,1695,1695,1695,1695,1695,1,116.86
Mix,Kurta,0.3,425,1795,1795,1795,1795,1795,1,207.7
Mix,Kurta,0.3,425,1795,1795,1795,1795,1795,1,195.49
Mix,Kurta,0.3,425,1795,1795,1795,1795,1795,1,497.94
Mix,Kurta,0.3,425,1795,1795,1795,1795,1795,1,178.89
Mix,Kurta,0.3,425,1795,1795,1795,1795,1795,1,146.27
Mix,Kurta,0.3,425,1795,1795,1795,1795,1795,1,441.05
Surmaya,Kurta Set,0.4,1040,2495,2495,2495,2495,2495,1,368.65
Surmaya,Kurta Set,0.4,1040,2495,2495,2495,2495,2495,1,189.44
Surmaya,Kurta Set,0.4,1040,2495,2495,2495,2495,2495,1,325.02
Surmaya,Kurta Set,0.4,1040,2495,2495,2495,2495,2495,1,352.1
Surmaya,Kurta Set,0.4,1040,2495,2495,2495,2495,2495,1,218.89
Surmaya,Kurta Set,0.4,1040,2495,2495,2495,2495,2495,1,41.78
Surmaya,Kurta Set,0.4,1040,2495,2495,2495,2495,2495,1,66.14
Surmaya,Kurta Set,0.4,1040,2495,2495,2495,2495,2495,1,408.62
Surmaya,Kurta Set,0.4,1040,2495,2495,2495,2495,2495,1,270.67
Surmaya,Kurta Set,0.4,1040,2495,2495,2495,2495,2495,1,369.27
Surmaya,Kurta Set,0.4,1040,2495,2495,2495,2495,2495,1,46.31
Surmaya,Kurta Set,0.4,1040,2495,2495,2495,2495,2495,1,174.81
Surmaya,Kurta Set,0.4,950,2495,2495,2495,2495,2495,1,301.87
Surmaya,Kurta Set,0.4,950,2495,2495,2495,2495,2495,1,413.73
Surmaya,Kurta Set,0.4,950,2495,2495,2495,2495,2495,1,71.56
Surmaya,Kurta Set,0.4,950,2495,2495,2495,2495,2495,1,95.59
Surmaya,Kurta Set,0.4,950,2495,2495,2495,2495,2495,1,67.74
Surmaya,Kurta Set,0.4,950,2495,2495,2495,2495,2495,1,234.16
Surmaya,Kurta Set,0.4,940,2150,2150,2150,2150,2150,1,184.26
Surmaya,Kurta Set,0.4,940,2150,2150,2150,2150,2150,1,173.29
Surmaya,Kurta Set,0.4,940,2150,2150,2150,2150,2150,1,456.35
Surmaya,Kurta Set,0.4,940,2150,2150,2150,2150,2150,1,242.39
Surmaya,Kurta Set,0.4,940,2150,2150,2150,2150,2150,1,495.46
Surmaya,Kurta Set,0.4,940,2150,2150,2150,2150,2150,1,185.72
Surmaya,Kurta Set,0.4,925,2250,2250,2250,2250,2250,1,189.64
Surmaya,Kurta Set,0.4,925,2250,2250,2250,2250,2250,1,354.08
Surmaya,Kurta Set,0.4,925,2250,2250,2250,2250,2250,1,478.57
Surmaya,Kurta Set,0.4,925,2250,2250,2250,2250,2250,1,113.6
Surmaya,Kurta Set,0.4,925,2250,2250,2250,2250,2250,1,240.58
Surmaya,Kurta Set,0.4,925,2250,2250,2250,2250,2250,1,420.71
Surmaya,Kurta Set,0.4,900,1995,1995,1995,1995,1995,1,120.34
Surmaya,Kurta Set,0.4,900,1995,1995,1995,1995,1995,1,498.72
Surmaya,Kurta Set,0.4,900,1995,1995,1995,1995,1995,1,271.98
Surmaya,Kurta Set,0.4,900,1995,1995,1995,1995,1995,1,312.61
Surmaya,Kurta Set,0.4,900,1995,1995,1995,1995,1995,1,303.45
Surmaya,Kurta Set,0.4,900,1995,1995,1995,1995,1995,1,269.79
Surmaya,Kurta Set,0.4,1150,2695,2695,2695,2695,2695,1,277.95
Surmaya,Kurta Set,0.4,1150,2695,2695,2695,2695,2695,1,275.01
Surmaya,Kurta Set,0.4,1150,2695,2695,2695,2695,2695,1,389.46
Surmaya,Kurta Set,0.4,1150,2695,2695,2695,2695,2695,1,403.68
Surmaya,Kurta Set,0.4,1150,2695,2695,2695,2695,2695,1,202.42
Surmaya,Kurta Set,0.4,1150,2695,2695,2695,2695,2695,1,66.14
Surmaya,Kurta Set,0.4,1150,2695,2695,2695,2695,2695,1,78.41
Surmaya,Kurta Set,0.4,1150,2695,2695,2695,2695,2695,1,335.21
Surmaya,Kurta Set,0.4,1150,2695,2695,2695,2695,2695,1,306.53
Surmaya,Kurta Set,0.4,1150,2695,2695,2695,2695,2695,1,204.11
Surmaya,Kurta Set,0.4,1150,2695,2695,2695,2695,2695,1,181.36
Surmaya,Kurta Set,0.4,1150,2695,2695,2695,2695,2695,1,124.87
Surmaya,Kurta Set,0.4,910,2150,2150,2150,2150,2150,1,309.19
Surmaya,Kurta Set,0.4,910,2150,2150,2150,2150,2150,1,493.99
Surmaya,Kurta Set,0.4,910,2150,2150,2150,2150,2150,1,62.92
Surmaya,Kurta Set,0.4,910,2150,2150,2150,2150,2150,1,31.45
Surmaya,Kurta Set,0.4,910,2150,2150,2150,2150,2150,1,399.98
Surmaya,Kurta Set,0.4,910,2150,2150,2150,2150,2150,1,246.7
Mix,Tops,0.2,361,1595,1595,1595,1595,1595,1,165.12
Mix,Tops,0.2,361,1595,1595,1595,1595,1595,1,281.12
Mix,Tops,0.2,361,1595,1595,1595,1595,1595,1,416.16
Mix,Tops,0.2,361,1595,1595,1595,1595,1595,1,244.68
Mix,Tops,0.2,361,1595,1595,1595,1595,1595,1,214.27
Mix,Tops,0.2,375,1695,1695,1695,1695,1695,1,442.45
Mix,Tops,0.2,375,1695,1695,1695,1695,1695,1,159.16
Mix,Tops,0.2,375,1695,1695,1695,1695,1695,1,55.97
Mix,Tops,0.2,375,1695,1695,1695,1695,1695,1,353.27
Mix,Tops,0.2,375,1695,1695,1695,1695,1695,1,170.82
Mix,Kurta,0.3,435,1795,1795,1795,1795,1795,1,381.01
Mix,Kurta,0.3,435,1795,1795,1795,1795,1795,1,444.32
Mix,Kurta,0.3,435,1795,1795,1795,1795,1795,1,156.53
Mix,Kurta,0.3,435,1795,1795,1795,1795,1795,1,105.9
Mix,Kurta,0.3,435,1795,1795,1795,1795,1795,1,321.01
Mix,Kurta,0.3,435,1795,1795,1795,1795,1795,1,181.25
Mix,Tops,0.2,395,1695,1695,1695,1695,1695,1,355.81
Mix,Tops,0.2,395,1695,1695,1695,1695,1695,1,70.97
Mix,Tops,0.2,395,1695,1695,1695,1695,1695,1,442.41
Mix,Tops,0.2,395,1695,1695,1695,1695,1695,1,443.43
Mix,Tops,0.2,395,1695,1695,1695,1695,1695,1,60.12
Mix,Tops,0.2,425,1795,1795,1795,1795,1795,1,17.17
Mix,Tops,0.2,425,1795,1795,1795,1795,1795,1,316.25
Mix,Tops,0.2,425,1795,1795,1795,1795,1795,1,190.2
Mix,Tops,0.2,425,1795,1795,1795,1795,1795,1,340.64
Mix,Tops,0.2,425,1795,1795,1795,1795,1795,1,348.06
Mix,Tops,0.2,450,1895,1895,1895,1895,1895,1,146.94
Mix,Tops,0.2,450,1895,1895,1895,1895,1895,1,135.99
Mix,Tops,0.2,450,1895,1895,1895,1895,1895,1,390.79
Mix,Tops,0.2,450,1895,1895,1895,1895,1895,1,206.11
Mix,Tops,0.2,450,1895,1895,1895,1895,1895,1,213.41
Mix,Tops,0.2,415,1795,1795,1795,1795,1795,1,477.52
Mix,Tops,0.2,415,1795,1795,1795,1795,1795,1,306.82
Mix,Tops,0.2,415,1795,1795,1795,1795,1795,1,344.34
Mix,Tops,0.2,415,1795,1795,1795,1795,1795,1,154.42
Mix,Tops,0.2,415,1795,1795,1795,1795,1795,1,316.66
Surmaya,Kurta Set,0.4,825,1895,1895,1895,1895,1895,1,254.03
Surmaya,Kurta Set,0.4,825,1895,1895,1895,1895,1895,1,130.33
Surmaya,Kurta Set,0.4,825,1895,1895,1895,1895,1895,1,424.73
Surmaya,Kurta Set,0.4,825,1895,1895,1895,1895,1895,1,73.5
Surmaya,Kurta Set,0.4,825,1895,1895,1895,1895,1895,1,150.5
Surmaya,Kurta Set,0.4,825,1895,1895,1895,1895,1895,1,56.16
Surmaya,Kurta Set,0.4,950,2495,2495,2495,2495,2495,1,454.74
Surmaya,Kurta Set,0.4,950,2495,2495,2495,2495,2495,1,468.56
Surmaya,Kurta Set,0.4,950,2495,2495,2495,2495,2495,1,403.32
Surmaya,Kurta Set,0.4,950,2495,2495,2495,2495,2495,1,447.56
Surmaya,Kurta Set,0.4,950,2495,2495,2495,2495,2495,1,226.84
Surmaya,Kurta Set,0.4,950,2495,2495,2495,2495,2495,1,254.59
Surmaya,Kurta Set,0.4,895,2195,2195,2195,2195,2195,1,76.5
Surmaya,Kurta Set,0.4,895,2195,2195,2195,2195,2195,1,63.58
Surmaya,Kurta Set,0.4,895,2195,2195,2195,2195,2195,1,333.74
Surmaya,Kurta Set,0.4,895,2195,2195,2195,2195,2195,1,240.33
Surmaya,Kurta Set,0.4,895,2195,2195,2195,2195,2195,1,233.52
Surmaya,Kurta Set,0.4,895,2195,2195,2195,2195,2195,1,237.22
Surmaya,Kurta Set,0.4,875,2050,2050,2050,2050,2050,1,280.58
Surmaya,Kurta Set,0.4,875,2050,2050,2050,2050,2050,1,59.94
Surmaya,Kurta Set,0.4,875,2050,2050,2050,2050,2050,1,37.63
Surmaya,Kurta Set,0.4,875,2050,2050,2050,2050,2050,1,72.53
Surmaya,Kurta Set,0.4,875,2050,2050,2050,2050,2050,1,256.67
Surmaya,Kurta Set,0.4,875,2050,2050,2050,2050,2050,1,29.88
Surmaya,Kurta Set,0.4,1050,2395,2395,2395,2395,2395,1,467.38
Surmaya,Kurta Set,0.4,1050,2395,2395,2395,2395,2395,1,320.17
Surmaya,Kurta Set,0.4,1050,2395,2395,2395,2395,2395,1,342.23
Surmaya,Kurta Set,0.4,1050,2395,2395,2395,2395,2395,1,268.01
Surmaya,Kurta Set,0.4,1050,2395,2395,2395,2395,2395,1,318.49
Surmaya,Kurta Set,0.4,1050,2395,2395,2395,2395,2395,1,340.18
Surmaya,Kurta Set,0.4,510,1895,1895,1895,1895,1895,1,149.83
Surmaya,Kurta Set,0.4,510,1895,1895,1895,1895,1895,1,21.6
Surmaya,Kurta Set,0.4,510,1895,1895,1895,1895,1895,1,407.88
Surmaya,Kurta Set,0.4,510,1895,1895,1895,1895,1895,1,427.67
Surmaya,Kurta Set,0.4,510,1895,1895,1895,1895,1895,1,136.23
Surmaya,Kurta Set,0.4,510,1895,1895,1895,1895,1895,1,239.08
Surmaya,Kurta Set,0.4,825,1895,1895,1895,1895,1895,1,74.83
Surmaya,Kurta Set,0.4,825,1895,1895,1895,1895,1895,1,294.63
Surmaya,Kurta Set,0.4,825,1895,1895,1895,1895,1895,1,50.7
Surmaya,Kurta Set,0.4,825,1895,1895,1895,1895,1895,1,208.89
Surmaya,Kurta Set,0.4,825,1895,1895,1895,1895,1895,1,326.95
Surmaya,Kurta Set,0.4,825,1895,1895,1895,1895,1895,1,286.04
Surmaya,Kurta Set,0.4,845,1995,1995,1995,1995,1995,1,420.43
Surmaya,Kurta Set,0.4,845,1995,1995,1995,1995,1995,1,216.04
Surmaya,Kurta Set,0.4,845,1995,1995,1995,1995,1995,1,261.11
Surmaya,Kurta Set,0.4,845,1995,1995,1995,1995,1995,1,43.08
Surmaya,Kurta Set,0.4,845,1995,1995,1995,1995,1995,1,399.69
Surmaya,Kurta Set,0.4,845,1995,1995,1995,1995,1995,1,438.79
Surmaya,Kurta Set,0.4,695,1895,1895,1895,1895,1895,1,326.17
Surmaya,Kurta Set,0.4,695,1895,1895,1895,1895,1895,1,374.26
Surmaya,Kurta Set,0.4,695,1895,1895,1895,1895,1895,1,378.86
Surmaya,Kurta Set,0.4,695,1895,1895,1895,1895,1895,1,162.93
Surmaya,Kurta Set,0.4,695,1895,1895,1895,1895,1895,1,364.26
Surmaya,Kurta Set,0.4,695,1895,1895,1895,1895,1895,1,101.38
Surmaya,Kurta Set,0.4,1140,2595,2595,2595,2595,2595,1,47.22
Surmaya,Kurta Set,0.4,1140,2595,2595,2595,2595,2595,1,218.08
Surmaya,Kurta Set,0.4,1140,2595,2595,2595,2595,2595,1,310.73
Surmaya,Kurta Set,0.4,1140,2595,2595,2595,2595,2595,1,384.49
Surmaya,Kurta Set,0.4,1140,2595,2595,2595,2595,2595,1,383.88
Surmaya,Kurta Set,0.4,1140,2595,2595,2595,2595,2595,1,489.65
Surmaya,Kurta Set,0.4,980,2295,2295,2295,2295,2295,1,301.06
Surmaya,Kurta Set,0.4,980,2295,2295,2295,2295,2295,1,351.17
Surmaya,Kurta Set,0.4,980,2295,2295,2295,2295,2295,1,329.52
Surmaya,Kurta Set,0.4,980,2295,2295,2295,2295,2295,1,204.99
Surmaya,Kurta Set,0.4,980,2295,2295,2295,2295,2295,1,485.16
Surmaya,Kurta Set,0.4,980,2295,2295,2295,2295,2295,1,141.45
Surmaya,Kurta Set,0.4,950,2495,2495,2495,2495,2495,1,316.63
Surmaya,Kurta Set,0.4,950,2495,2495,2495,2495,2495,1,25.52
Surmaya,Kurta Set,0.4,950,2495,2495,2495,2495,2495,1,341.96
Surmaya,Kurta Set,0.4,950,2495,2495,2495,2495,2495,1,27.79
Surmaya,Kurta Set,0.4,950,2495,2495,2495,2495,2495,1,380.7
Surmaya,Kurta Set,0.4,950,2495,2495,2495,2495,2495,1,347.05
Four Gems 2,Kurta Set,0.4,680,2795,2795,2995,2795,2795,1,116.47
Four Gems 2,Kurta Set,0.4,680,2795,2795,2995,2795,2795,1,165.98
Four Gems 2,Kurta Set,0.4,680,2795,2795,2995,2795,2795,1,383.86
Four Gems 2,Kurta Set,0.4,680,2795,2795,2995,2795,2795,1,494.36
Four Gems 2,Kurta Set,0.4,680,2795,2795,2995,2795,2795,1,483.39
Four Gems 2,Kurta Set,0.4,680,2795,2795,2995,2795,2795,1,38.43
Four Gems 2,Kurta Set,0.4,680,2795,2795,2995,2795,2795,1,341.32
Four Gems 2,Kurta Set,0.4,680,2795,2795,2995,2795,2795,1,204.32
Four Gems 2,Kurta Set,0.4,680,2795,2795,2995,2795,2795,1,478.03
Four Gems 2,Kurta Set,0.4,680,2795,2795,2995,2795,2795,1,139.51
Four Gems 2,Kurta Set,0.4,680,2795,2795,2995,2795,2795,1,66.81
Four Gems 2,Kurta Set,0.4,680,2795,2795,2995,2795,2795,1,205.05
Four Gems 2,Kurta Set,0.4,680,2795,2795,2995,2795,2795,1,29.91
Four Gems 2,Kurta Set,0.4,680,2795,2795,2995,2795,2795,1,434.08
Four Gems 2,Kurta Set,0.4,680,2795,2795,2995,2795,2795,1,475.96
Four Gems 2,Kurta Set,0.4,680,2795,2795,2995,2795,2795,1,321.84
Four Gems 2,Kurta Set,0.4,680,2795,2795,2995,2795,2795,1,328.07
Four Gems 2,Kurta Set,0.4,680,2795,2795,2995,2795,2795,1,111.08
Four Gems 2,Kurta Set,0.4,680,2795,2795,2995,2795,2795,1,411.84
Four Gems 2,Kurta Set,0.4,680,2795,2795,2995,2795,2795,1,44.18
Four Gems 2,Kurta Set,0.4,680,2795,2795,2995,2795,2795,1,54.54
Four Gems 2,Kurta Set,0.4,680,2795,2795,2995,2795,2795,1,236.56
Four Gems 2,Kurta Set,0.4,680,2795,2795,2995,2795,2795,1,404.0
Four Gems 2,Kurta Set,0.4,680,2795,2795,2995,2795,2795,1,24.89
Mix,Kurta,0.3,425,1995,1995,1995,1995,1995,1,33.04
Mix,Kurta,0.3,425,1995,1995,1995,1995,1995,1,319.78
Mix,Kurta,0.3,425,1995,1995,1995,1995,1995,1,404.15
Mix,Kurta,0.3,425,1995,1995,1995,1995,1995,1,427.72
Mix,Kurta,0.3,425,1995,1995,1995,1995,1995,1,28.26
Mix,Kurta,0.3,425,1995,1995,1995,1995,1995,1,127.82
Mix,Kurta,0.3,425,1995,1995,1995,1895,1895,1,499.32
Mix,Kurta,0.3,425,1995,1995,1995,1895,1895,1,321.69
Mix,Kurta,0.3,425,1995,1995,1995,1895,1895,1,69.13
Mix,Kurta,0.3,425,1995,1995,1995,1895,1895,1,227.43
Mix,Kurta,0.3,425,1995,1995,1995,1895,1895,1,381.81
Mix,Kurta,0.3,425,1995,1995,1995,1895,1895,1,212.08
Mix,Kurta,0.3,425,1995,1995,1995,1995,1995,1,193.7
Mix,Kurta,0.3,425,1995,1995,1995,1995,1995,1,90.28
Mix,Kurta,0.3,425,1995,1995,1995,1995,1995,1,497.13
Mix,Kurta,0.3,425,1995,1995,1995,1995,1995,1,149.69
Mix,Kurta,0.3,425,1995,1995,1995,1995,1995,1,167.88
Mix,Kurta,0.3,425,1995,1995,1995,1995,1995,1,358.06
Mix,Kurta,0.3,220,1195,1195,1195,1195,1195,1,453.65
Mix,Kurta,0.3,220,1195,1195,1195,1195,1195,1,117.06
Mix,Kurta,0.3,220,1195,1195,1195,1195,1195,1,392.81
Mix,Kurta,0.3,220,1195,1195,1195,1195,1195,1,52.1
Mix,Kurta,0.3,220,1195,1195,1195,1195,1195,1,91.53
Surmaya,Kurta,0.3,525,1250,1250,1250,1250,1250,1,347.19
Surmaya,Kurta,0.3,525,1250,1250,1250,1250,1250,1,119.5
Surmaya,Kurta,0.3,525,1250,1250,1250,1250,1250,1,212.87
Surmaya,Kurta,0.3,525,1250,1250,1250,1250,1250,1,322.23
Surmaya,Kurta,0.3,525,1250,1250,1250,1250,1250,1,178.52
Surmaya,Kurta,0.3,525,1250,1250,1250,1250,1250,1,270.58
Surmaya,Kurta Set,0.4,880,1895,1895,1895,1895,1895,1,450.34
Surmaya,Kurta Set,0.4,880,1895,1895,1895,1895,1895,1,184.06
Surmaya,Kurta Set,0.4,880,1895,1895,1895,1895,1895,1,233.14
Surmaya,Kurta Set,0.4,880,1895,1895,1895,1895,1895,1,428.15
Surmaya,Kurta Set,0.4,880,1895,1895,1895,1895,1895,1,108.06
Surmaya,Kurta Set,0.4,880,1895,1895,1895,1895,1895,1,144.43
Mix,Kurta,0.3,425,1995,1995,1995,1695,1695,1,203.22
Mix,Kurta,0.3,425,1995,1995,1995,1695,1695,1,303.05
Mix,Kurta,0.3,425,1995,1995,1995,1695,1695,1,287.72
Mix,Kurta,0.3,425,1995,1995,1995,1695,1695,1,87.0
Mix,Kurta,0.3,425,1995,1995,1995,1695,1695,1,111.72
Mix,Kurta,0.3,425,1995,1995,1995,1695,1695,1,181.29
Mix,Kurta,0.3,410,1895,1895,1895,1895,1895,1,418.58
Mix,Kurta,0.3,410,1895,1895,1895,1895,1895,1,188.94
Mix,Kurta,0.3,410,1895,1895,1895,1895,1895,1,347.21
Mix,Kurta,0.3,410,1895,1895,1895,1895,1895,1,255.81
Mix,Kurta,0.3,410,1895,1895,1895,1895,1895,1,474.09
Mix,Kurta,0.3,410,1895,1895,1895,1895,1895,1,201.68
Mix,Kurta,0.3,410,1895,1895,1895,1895,1895,1,127.0
Mix,Kurta,0.3,410,1895,1895,1895,1895,1895,1,331.26
Mix,Kurta,0.3,410,1895,1895,1895,1895,1895,1,68.16
Mix,Kurta,0.3,410,1895,1895,1895,1895,1895,1,30.11
Mix,Kurta,0.3,410,1895,1895,1895,1895,1895,1,242.8
Mix,Kurta,0.3,410,1895,1895,1895,1895,1895,1,499.37
Mix,Kurta,0.3,395,1895,1895,1895,1895,1895,1,115.28
Mix,Kurta,0.3,395,1895,1895,1895,1895,1895,1,347.96
Mix,Kurta,0.3,395,1895,1895,1895,1895,1895,1,191.72
Mix,Kurta,0.3,395,1895,1895,1895,1895,1895,1,194.66
Mix,Kurta,0.3,395,1895,1895,1895,1895,1895,1,343.36
Mix,Kurta,0.3,395,1895,1895,1895,1895,1895,1,175.91
Mix,Kurta,0.3,395,1895,1895,1895,1895,1895,1,363.46
Mix,Kurta,0.3,395,1895,1895,1895,1895,1895,1,462.59
Mix,Kurta,0.3,395,1895,1895,1895,1895,1895,1,274.68
Mix,Kurta,0.3,395,1895,1895,1895,1895,1895,1,147.16
Mix,Kurta,0.3,395,1895,1895,1895,1895,1895,1,175.03
Mix,Kurta,0.3,395,1895,1895,1895,1895,1895,1,134.62
Mix,Kurta,0.3,395,1895,1895,1895,1895,1895,1,336.61
Mix,Kurta,0.3,395,1895,1895,1895,1895,1895,1,415.77
Mix,Kurta,0.3,395,1895,1895,1895,1895,1895,1,49.01
Mix,Kurta,0.3,395,1895,1895,1895,1895,1895,1,439.37
Mix,Kurta,0.3,395,1895,1895,1895,1895,1895,1,378.54
Mix,Kurta,0.3,395,1895,1895,1895,1895,1895,1,214.09
Mix,Kurta,0.3,385,1895,1895,1895,1895,1895,1,126.08
Mix,Kurta,0.3,385,1895,1895,1895,1895,1895,1,65.27
Mix,Kurta,0.3,385,1895,1895,1895,1895,1895,1,312.12
Mix,Kurta,0.3,385,1895,1895,1895,1895,1895,1,11.04
Mix,Kurta,0.3,385,1895,1895,1895,1895,1895,1,353.51
Mix,Kurta,0.3,385,1895,1895,1895,1895,1895,1,379.76
Mix,Kurta,0.3,385,1895,1895,1895,1895,1895,1,202.67
Mix,Kurta,0.3,385,1895,1895,1895,1895,1895,1,55.15
Mix,Kurta,0.3,385,1895,1895,1895,1895,1895,1,95.64
Mix,Kurta,0.3,385,1895,1895,1895,1895,1895,1,180.27
Mix,Kurta,0.3,385,1895,1895,1895,1895,1895,1,338.79
Mix,Kurta,0.3,385,1895,1895,1895,1895,1895,1,398.84
Mix,Kurta,0.3,220,1395,1395,1395,1395,1395,1,462.16
Mix,Kurta,0.3,220,1395,1395,1395,1395,1395,1,164.61
Mix,Kurta,0.3,220,1395,1395,1395,1395,1395,1,336.52
Mix,Kurta,0.3,220,1395,1395,1395,1395,1395,1,76.81
Mix,Kurta,0.3,220,1395,1395,1395,1395,1395,1,88.04
Mix,Kurta,0.3,220,1395,1395,1395,1395,1395,1,165.96
Mix,Kurta,0.3,500,2095,2095,2095,2095,2095,1,105.94
Mix,Kurta,0.3,500,2095,2095,2095,2095,2095,1,327.81
Mix,Kurta,0.3,500,2095,2095,2095,2095,2095,1,260.4
Mix,Kurta,0.3,500,2095,2095,2095,2095,2095,1,104.46
Mix,Kurta,0.3,500,2095,2095,2095,2095,2095,1,451.58
Mix,Kurta,0.3,500,2095,2095,2095,2095,2095,1,402.71
Surmaya,Kurta Set,0.4,1035,2295,2295,2295,2295,2295,1,453.9
Surmaya,Kurta Set,0.4,1035,2295,2295,2295,2295,2295,1,160.4
Surmaya,Kurta Set,0.4,1035,2295,2295,2295,2295,2295,1,349.86
Surmaya,Kurta Set,0.4,1035,2295,2295,2295,2295,2295,1,154.62
Surmaya,Kurta Set,0.4,1035,2295,2295,2295,2295,2295,1,286.72
Surmaya,Kurta Set,0.4,1035,2295,2295,2295,2295,2295,1,178.05
Surmaya,Kurta Set,0.4,975,2150,2150,2150,2150,2150,1,29.55
Surmaya,Kurta Set,0.4,975,2150,2150,2150,2150,2150,1,216.96
Surmaya,Kurta Set,0.4,975,2150,2150,2150,2150,2150,1,126.83
Surmaya,Kurta Set,0.4,975,2150,2150,2150,2150,2150,1,101.14
Surmaya,Kurta Set,0.4,975,2150,2150,2150,2150,2150,1,333.02
Surmaya,Kurta Set,0.4,975,2150,2150,2150,2150,2150,1,110.08
Surmaya,Kurta Set,0.4,1150,2695,2695,2695,2695,2695,1,137.25
Surmaya,Kurta Set,0.4,1150,2695,2695,2695,2695,2695,1,50.83
Surmaya,Kurta Set,0.4,1150,2695,2695,2695,2695,2695,1,282.06
Surmaya,Kurta Set,0.4,1150,2695,2695,2695,2695,2695,1,76.81
Surmaya,Kurta Set,0.4,1150,2695,2695,2695,2695,2695,1,151.86
Surmaya,Kurta Set,0.4,1150,2695,2695,2695,2695,2695,1,190.34
Surmaya,Kurta Set,0.4,930,2195,2195,2195,2195,2195,1,376.75
Surmaya,Kurta Set,0.4,930,2195,2195,2195,2195,2195,1,161.85
Surmaya,Kurta Set,0.4,930,2195,2195,2195,2195,2195,1,78.15
Surmaya,Kurta Set,0.4,930,2195,2195,2195,2195,2195,1,401.21
Surmaya,Kurta Set,0.4,930,2195,2195,2195,2195,2195,1,468.51
Surmaya,Kurta Set,0.4,930,2195,2195,2195,2195,2195,1,186.88
Surmaya,Kurta Set,0.4,780,1795,1795,1795,1795,1795,1,443.81
Surmaya,Kurta Set,0.4,780,1795,1795,1795,1795,1795,1,180.9
Surmaya,Kurta Set,0.4,780,1795,1795,1795,1795,1795,1,250.55
Surmaya,Kurta Set,0.4,780,1795,1795,1795,1795,1795,1,133.68
Surmaya,Kurta Set,0.4,780,1795,1795,1795,1795,1795,1,344.24
Surmaya,Kurta Set,0.4,780,1795,1795,1795,1795,1795,1,72.59
Mix,Tops,0.2,340,1695,1695,1695,1695,1695,1,90.95
Mix,Tops,0.2,340,1695,1695,1695,1695,1695,1,22.81
Mix,Tops,0.2,340,1695,1695,1695,1695,1695,1,426.07
Mix,Tops,0.2,340,1695,1695,1695,1695,1695,1,404.1
Mix,Tops,0.2,340,1695,1695,1695,1695,1695,1,461.28
Mix,Tops,0.2,425,1795,1795,1995,1995,1995,1,93.85
Mix,Tops,0.2,425,1795,1795,1995,1995,1995,1,441.85
Mix,Tops,0.2,425,1795,1795,1995,1995,1995,1,217.11
Mix,Tops,0.2,425,1795,1795,1995,1995,1995,1,466.78
Mix,Tops,0.2,425,1795,1795,1995,1995,1995,1,113.93
Mix,Kurta,0.3,440,1795,1795,1795,2195,2195,1,138.6
Mix,Kurta,0.3,440,1795,1795,1795,2195,2195,1,335.77
Mix,Kurta,0.3,440,1795,1795,1795,2195,2195,1,171.75
Mix,Kurta,0.3,440,1795,1795,1795,2195,2195,1,149.25
Mix,Kurta,0.3,440,1795,1795,1795,2195,2195,1,191.26
Mix,Kurta,0.3,440,1795,1795,1795,2195,2195,1,187.11
Mix,Kurta,0.3,540,2395,2395,2395,2695,2695,1,209.35
Mix,Kurta,0.3,540,2395,2395,2395,2695,2695,1,222.95
Mix,Kurta,0.3,540,2395,2395,2395,2695,2695,1,259.23
Mix,Kurta,0.3,540,2395,2395,2395,2695,2695,1,292.48
Mix,Kurta,0.3,540,2395,2395,2395,2695,2695,1,210.7
Mix,Kurta,0.3,540,2395,2395,2395,2695,2695,1,226.93
Mix,Kurta,0.3,550,2495,2495,2495,2795,2795,1,495.56
Mix,Kurta,0.3,550,2495,2495,2495,2795,2795,1,37.03
Mix,Kurta,0.3,550,2495,2495,2495,2795,2795,1,384.0
Mix,Kurta,0.3,550,2495,2495,2495,2795,2795,1,198.8
Mix,Kurta,0.3,550,2495,2495,2495,2795,2795,1,142.19
Mix,Kurta,0.3,550,2495,2495,2495,2795,2795,1,40.68
Mix,Tops,0.2,314,1595,1595,1595,1595,1595,1,256.78
Mix,Tops,0.2,314,1595,1595,1595,1595,1595,1,226.61
Mix,Tops,0.2,314,1595,1595,1595,1595,1595,1,66.65
Mix,Tops,0.2,314,1595,1595,1595,1595,1595,1,408.06
Mix,Tops,0.2,314,1595,1595,1595,1595,1595,1,17.38
Mix,Kurta,0.3,425,1995,1995,1995,1995,1995,1,388.08
Mix,Kurta,0.3,425,1995,1995,1995,1995,1995,1,239.77
Mix,Kurta,0.3,425,1995,1995,1995,1995,1995,1,403.06
Mix,Kurta,0.3,425,1995,1995,1995,1995,1995,1,161.2
Mix,Kurta,0.3,425,1995,1995,1995,1995,1995,1,465.92
Mix,Kurta,0.3,425,1995,1995,1995,1995,1995,1,366.54
Mix,Kurta,0.3,395,1895,1895,1895,1895,1895,1,259.54
Mix,Kurta,0.3,395,1895,1895,1895,1895,1895,1,206.93
Mix,Kurta,0.3,395,1895,1895,1895,1895,1895,1,75.37
Mix,Kurta,0.3,395,1895,1895,1895,1895,1895,1,300.19
Mix,Kurta,0.3,395,1895,1895,1895,1895,1895,1,53.21
Mix,Kurta,0.3,395,1895,1895,1895,1895,1895,1,373.92
Mix,Kurta,0.3,450,2095,2095,2095,2095,2095,1,377.41
Mix,Kurta,0.3,450,2095,2095,2095,2095,2095,1,469.77
Mix,Kurta,0.3,450,2095,2095,2095,2095,2095,1,278.58
Mix,Kurta,0.3,450,2095,2095,2095,2095,2095,1,337.15
Mix,Kurta,0.3,450,2095,2095,2095,2095,2095,1,462.92
Mix,Kurta,0.3,450,2095,2095,2095,2095,2095,1,228.71
Mix,Kurta,0.3,425,1995,1995,1995,1995,1995,1,284.04
Mix,Kurta,0.3,425,1995,1995,1995,1995,1995,1,71.2
Mix,Kurta,0.3,425,1995,1995,1995,1995,1995,1,362.67
Mix,Kurta,0.3,425,1995,1995,1995,1995,1995,1,423.92
Mix,Kurta,0.3,425,1995,1995,1995,1995,1995,1,259.39
Mix,Kurta,0.3,425,1995,1995,1995,1995,1995,1,235.13
Mix,Kurta Set,0.4,790,3495,3495,3495,3495,3495,1,154.64
Mix,Kurta Set,0.4,790,3495,3495,3495,3495,3495,1,234.55
Mix,Kurta Set,0.4,790,3495,3495,3495,3495,3495,1,207.0
Mix,Kurta Set,0.4,790,3495,3495,3495,3495,3495,1,356.18
Mix,Kurta Set,0.4,790,3495,3495,3495,3495,3495,1,445.55
Mix,Kurta Set,0.4,790,3495,3495,3495,3495,3495,1,218.48
Mix,Kurta Set,0.4,790,3495,3495,3495,3495,3495,1,210.33
Mix,Kurta Set,0.4,790,3495,3495,3495,3495,3495,1,112.51
Mix,Kurta Set,0.4,790,3495,3495,3495,3495,3495,1,104.82
Mix,Kurta Set,0.4,790,3495,3495,3495,3495,3495,1,101.2
Mix,Kurta Set,0.4,790,3495,3495,3495,3495,3495,1,258.83
Mix,Kurta Set,0.4,790,3495,3495,3495,3495,3495,1,352.01
Mix,Gown,0.4,695,3195,3195,3195,3195,3195,1,135.07
Mix,Gown,0.4,695,3195,3195,3195,3195,3195,1,37.32
Mix,Gown,0.4,695,3195,3195,3195,3195,3195,1,104.94
Mix,Gown,0.4,695,3195,3195,3195,3195,3195,1,108.38
Mix,Gown,0.4,695,3195,3195,3195,3195,3195,1,437.7
Mix,Gown,0.4,695,3195,3195,3195,3195,3195,1,23.08
Surmaya,Kurta Set,0.4,1295,5395,5395,5395,5395,5395,1,304.39
Surmaya,Kurta Set,0.4,1295,5395,5395,5395,5395,5395,1,381.14
Surmaya,Kurta Set,0.4,1295,5395,5395,5395,5395,5395,1,61.09
Surmaya,Kurta Set,0.4,1295,5395,5395,5395,5395,5395,1,102.23
Surmaya,Kurta Set,0.4,1295,5395,5395,5395,5395,5395,1,317.55
Surmaya,Kurta Set,0.4,1295,5395,5395,5395,5395,5395,1,10.13
Surmaya,Kurta Set,0.4,1150,4895,4895,4895,4895,4895,1,340.98
Surmaya,Kurta Set,0.4,1150,4895,4895,4895,4895,4895,1,452.06
Surmaya,Kurta Set,0.4,1150,4895,4895,4895,4895,4895,1,411.28
Surmaya,Kurta Set,0.4,1150,4895,4895,4895,4895,4895,1,122.57
Surmaya,Kurta Set,0.4,1150,4895,4895,4895,4895,4895,1,19.02
Surmaya,Kurta Set,0.4,1150,4895,4895,4895,4895,4895,1,69.41
Surmaya,Gown,0.4,995,4295,4295,4295,4295,4295,1,498.64
Surmaya,Gown,0.4,995,4295,4295,4295,4295,4295,1,222.99
Surmaya,Gown,0.4,995,4295,4295,4295,4295,4295,1,208.26
Surmaya,Gown,0.4,995,4295,4295,4295,4295,4295,1,451.41
Surmaya,Gown,0.4,995,4295,4295,4295,4295,4295,1,111.04
Surmaya,Gown,0.4,995,4295,4295,4295,4295,4295,1,408.42
Surmaya,Kurta Set,0.4,1150,4895,4895,4895,4895,4895,1,298.51
Surmaya,Kurta Set,0.4,1150,4895,4895,4895,4895,4895,1,490.34
Surmaya,Kurta Set,0.4,1150,4895,4895,4895,4895,4895,1,55.98
Surmaya,Kurta Set,0.4,1150,4895,4895,4895,4895,4895,1,34.17
Surmaya,Kurta Set,0.4,1150,4895,4895,4895,4895,4895,1,330.89
Surmaya,Kurta Set,0.4,1150,4895,4895,4895,4895,4895,1,256.19
Mix,Kurta Set,0.4,695,3495,3495,3495,3495,3495,1,23.67
Mix,Kurta Set,0.4,695,3495,3495,3495,3495,3495,1,44.34
Mix,Kurta Set,0.4,695,3495,3495,3495,3495,3495,1,20.17
Mix,Kurta Set,0.4,695,3495,3495,3495,3495,3495,1,165.39
Mix,Kurta Set,0.4,695,3495,3495,3495,3495,3495,1,276.61
Mix,Kurta Set,0.4,695,3495,3495,3495,3495,3495,1,232.69
Mix,Kurta,0.3,425,2195,2195,2195,2195,2195,1,142.45
Mix,Kurta,0.3,425,2195,2195,2195,2195,2195,1,145.89
Mix,Kurta,0.3,425,2195,2195,2195,2195,2195,1,322.15
Mix,Kurta,0.3,425,2195,2195,2195,2195,2195,1,287.04
Mix,Kurta,0.3,425,2195,2195,2195,2195,2195,1,403.17
Mix,Kurta,0.3,425,2195,2195,2195,2195,2195,1,448.32
Mix,Kurta Set,0.4,650,3295,3295,3295,3295,3295,1,71.7
Mix,Kurta Set,0.4,650,3295,3295,3295,3295,3295,1,433.71
Mix,Kurta Set,0.4,650,3295,3295,3295,3295,3295,1,51.69
Mix,Kurta Set,0.4,650,3295,3295,3295,3295,3295,1,317.03
Mix,Kurta Set,0.4,650,3295,3295,3295,3295,3295,1,83.65
Mix,Kurta Set,0.4,650,3295,3295,3295,3295,3295,1,70.38
Mix,Kurta,0.3,460,2397,2397,2397,2397,2397,1,222.87
Mix,Kurta,0.3,460,2397,2397,2397,2397,2397,1,150.61
Mix,Kurta,0.3,460,2397,2397,2397,2397,2397,1,260.79
Mix,Kurta,0.3,460,2397,2397,2397,2397,2397,1,308.91
Mix,Kurta,0.3,460,2397,2397,2397,2397,2397,1,49.13
Mix,Kurta,0.3,460,2397,2397,2397,2397,2397,1,92.0
Mix,Kurta Set,0.4,675,3397,3397,3397,3397,3397,1,50.67
Mix,Kurta Set,0.4,675,3397,3397,3397,3397,3397,1,280.12
Mix,Kurta Set,0.4,675,3397,3397,3397,3397,3397,1,148.44
Mix,Kurta Set,0.4,675,3397,3397,3397,3397,3397,1,455.14
Mix,Kurta Set,0.4,675,3397,3397,3397,3397,3397,1,93.02
Mix,Kurta Set,0.4,675,3397,3397,3397,3397,3397,1,72.5
Mix,Kurta,0.3,440,2295,2295,2295,2295,2295,1,310.06
Mix,Kurta,0.3,440,2295,2295,2295,2295,2295,1,353.89
Mix,Kurta,0.3,440,2295,2295,2295,2295,2295,1,66.17
Mix,Kurta,0.3,440,2295,2295,2295,2295,2295,1,391.25
Mix,Kurta,0.3,440,2295,2295,2295,2295,2295,1,99.4
Mix,Kurta,0.3,440,2295,2295,2295,2295,2295,1,419.65
Mix,Kurta Set,0.4,695,3495,3495,3495,3495,3495,1,106.95
Mix,Kurta Set,0.4,695,3495,3495,3495,3495,3495,1,204.49
Mix,Kurta Set,0.4,695,3495,3495,3495,3495,3495,1,170.48
Mix,Kurta Set,0.4,695,3495,3495,3495,3495,3495,1,325.89
Mix,Kurta Set,0.4,695,3495,3495,3495,3495,3495,1,200.74
Mix,Kurta Set,0.4,695,3495,3495,3495,3495,3495,1,182.13
Mix,Kurta,0.3,490,2495,2495,2495,2495,2495,1,362.91
Mix,Kurta,0.3,490,2495,2495,2495,2495,2495,1,353.95
Mix,Kurta,0.3,490,2495,2495,2495,2495,2495,1,299.5
Mix,Kurta,0.3,490,2495,2495,2495,2495,2495,1,329.28
Mix,Kurta,0.3,490,2495,2495,2495,2495,2495,1,359.41
Mix,Kurta,0.3,490,2495,2495,2495,2495,2495,1,257.51
Mix,Kurta Set,0.4,635,Nill,Nill,Nill,Nill,Nill,1,369.04
Mix,Kurta Set,0.4,635,Nill,Nill,Nill,Nill,Nill,1,301.86
Mix,Kurta Set,0.4,635,Nill,Nill,Nill,Nill,Nill,1,327.61
Mix,Kurta Set,0.4,635,Nill,Nill,Nill,Nill,Nill,1,471.47
Mix,Kurta Set,0.4,635,Nill,Nill,Nill,Nill,Nill,1,189.76
Mix,Kurta Set,0.4,635,Nill,Nill,Nill,Nill,Nill,1,168.56
Mix,Kurta,0.3,2095,Nill,Nill,Nill,Nill,Nill,1,35.16
Mix,Kurta,0.3,2095,Nill,Nill,Nill,Nill,Nill,1,228.32
Mix,Kurta,0.3,2095,Nill,Nill,Nill,Nill,Nill,1,428.9
Mix,Kurta,0.3,2095,Nill,Nill,Nill,Nill,Nill,1,147.5
Mix,Kurta,0.3,2095,Nill,Nill,Nill,Nill,Nill,1,177.68
Mix,Kurta,0.3,2095,Nill,Nill,Nill,Nill,Nill,1,269.71
Mix,Kurta,0.3,415,2097,2097,2097,2097,2097,1,106.42
Mix,Kurta,0.3,415,2097,2097,2097,2097,2097,1,72.82
Mix,Kurta,0.3,415,2097,2097,2097,2097,2097,1,298.72
Mix,Kurta,0.3,415,2097,2097,2097,2097,2097,1,72.6
Mix,Kurta,0.3,415,2097,2097,2097,2097,2097,1,280.72
Mix,Kurta,0.3,415,2097,2097,2097,2097,2097,1,295.26
Mix,Kurta Set,0.4,650,3297,3297,3297,3297,3297,1,193.35
Mix,Kurta Set,0.4,650,3297,3297,3297,3297,3297,1,437.69
Mix,Kurta Set,0.4,650,3297,3297,3297,3297,3297,1,216.75
Mix,Kurta Set,0.4,650,3297,3297,3297,3297,3297,1,103.81
Mix,Kurta Set,0.4,650,3297,3297,3297,3297,3297,1,287.14
Mix,Kurta Set,0.4,650,3297,3297,3297,3297,3297,1,424.53
Mix,Kurta,0.3,425,2195,2195,2195,2195,2195,1,335.85
Mix,Kurta,0.3,425,2195,2195,2195,2195,2195,1,144.42
Mix,Kurta,0.3,425,2195,2195,2195,2195,2195,1,207.25
Mix,Kurta,0.3,425,2195,2195,2195,2195,2195,1,407.47
Mix,Kurta,0.3,425,2195,2195,2195,2195,2195,1,155.26
Mix,Kurta,0.3,425,2195,2195,2195,2195,2195,1,485.15
Mix,Kurta Set,0.4,625,3197,3197,3197,3197,3197,1,230.19
Mix,Kurta Set,0.4,625,3197,3197,3197,3197,3197,1,330.5
Mix,Kurta Set,0.4,625,3197,3197,3197,3197,3197,1,28.58
Mix,Kurta Set,0.4,625,3197,3197,3197,3197,3197,1,207.21
Mix,Kurta Set,0.4,625,3197,3197,3197,3197,3197,1,48.7
Mix,Kurta Set,0.4,625,3197,3197,3197,3197,3197,1,113.32
Mix,Kurta,0.3,400,Nill,Nill,Nill,Nill,Nill,1,25.65
Mix,Kurta,0.3,400,Nill,Nill,Nill,Nill,Nill,1,365.57
Mix,Kurta,0.3,400,Nill,Nill,Nill,Nill,Nill,1,32.9
Mix,Kurta,0.3,400,Nill,Nill,Nill,Nill,Nill,1,478.54
Mix,Kurta,0.3,400,Nill,Nill,Nill,Nill,Nill,1,395.5
Mix,Kurta,0.3,400,Nill,Nill,Nill,Nill,Nill,1,333.98
Mix,Kurta,0.3,425,2197,2197,2197,2197,2197,1,279.45
Mix,Kurta,0.3,425,2197,2197,2197,2197,2197,1,419.98
Mix,Kurta,0.3,425,2197,2197,2197,2197,2197,1,130.39
Mix,Kurta,0.3,425,2197,2197,2197,2197,2197,1,498.86
Mix,Kurta,0.3,425,2197,2197,2197,2197,2197,1,243.17
Mix,Kurta,0.3,425,2197,2197,2197,2197,2197,1,457.9
Mix,Kurta Set,0.4,595,2975,2975,2975,2997,2997,1,159.74
Mix,Kurta Set,0.4,595,2975,2975,2975,2997,2997,1,470.17
Mix,Kurta Set,0.4,595,2975,2975,2975,2997,2997,1,159.88
Mix,Kurta Set,0.4,595,2975,2975,2975,2997,2997,1,392.11
Mix,Kurta Set,0.4,595,2975,2975,2975,2997,2997,1,450.16
Mix,Kurta Set,0.4,595,2975,2975,2975,2997,2997,1,318.56
Mix,Kurta,0.3,410,2095,2095,2095,2095,2095,1,212.57
Mix,Kurta,0.3,410,2095,2095,2095,2095,2095,1,287.94
Mix,Kurta,0.3,410,2095,2095,2095,2095,2095,1,62.97
Mix,Kurta,0.3,410,2095,2095,2095,2095,2095,1,129.78
Mix,Kurta,0.3,410,2095,2095,2095,2095,2095,1,434.71
Mix,Kurta,0.3,410,2095,2095,2095,2095,2095,1,320.82
Mix,Kurta Set,0.4,650,3297,3297,3297,3297,3297,1,15.35
Mix,Kurta Set,0.4,650,3297,3297,3297,3297,3297,1,422.55
Mix,Kurta Set,0.4,650,3297,3297,3297,3297,3297,1,228.45
Mix,Kurta Set,0.4,650,3297,3297,3297,3297,3297,1,484.6
Mix,Kurta Set,0.4,650,3297,3297,3297,3297,3297,1,366.3
Mix,Kurta Set,0.4,650,3297,3297,3297,3297,3297,1,108.39
Mix,Kurta,0.3,425,2195,2195,2195,2195,2195,1,139.62
Mix,Kurta,0.3,425,2195,2195,2195,2195,2195,1,275.6
Mix,Kurta,0.3,425,2195,2195,2195,2195,2195,1,24.18
Mix,Kurta,0.3,425,2195,2195,2195,2195,2195,1,62.99
Mix,Kurta,0.3,425,2195,2195,2195,2195,2195,1,79.29
Mix,Kurta,0.3,425,2195,2195,2195,2195,2195,1,205.37
Mix,Kurta Set,0.4,599,Nill,Nill,Nill,Nill,Nill,1,20.27
Mix,Kurta Set,0.4,599,Nill,Nill,Nill,Nill,Nill,1,282.73
Mix,Kurta Set,0.4,599,Nill,Nill,Nill,Nill,Nill,1,378.8
Mix,Kurta Set,0.4,599,Nill,Nill,Nill,Nill,Nill,1,322.55
Mix,Kurta Set,0.4,599,Nill,Nill,Nill,Nill,Nill,1,11.58
Mix,Kurta Set,0.4,599,Nill,Nill,Nill,Nill,Nill,1,332.05
Mix,Kurta,0.3,485,Nill,Nill,Nill,Nill,Nill,1,429.2
Mix,Kurta,0.3,485,Nill,Nill,Nill,Nill,Nill,1,262.94
Mix,Kurta,0.3,485,Nill,Nill,Nill,Nill,Nill,1,256.59
Mix,Kurta,0.3,485,Nill,Nill,Nill,Nill,Nill,1,487.08
Mix,Kurta,0.3,485,Nill,Nill,Nill,Nill,Nill,1,200.24
Mix,Kurta,0.3,485,Nill,Nill,Nill,Nill,Nill,1,27.57
Mix,Kurta,0.3,415,2097,2097,2097,2097,2097,1,326.53
Mix,Kurta,0.3,415,2097,2097,2097,2097,2097,1,78.11
Mix,Kurta,0.3,415,2097,2097,2097,2097,2097,1,213.05
Mix,Kurta,0.3,415,2097,2097,2097,2097,2097,1,305.68
Mix,Kurta,0.3,415,2097,2097,2097,2097,2097,1,44.23
Mix,Kurta,0.3,415,2097,2097,2097,2097,2097,1,102.89
Mix,Kurta Set,0.4,640,3197,3197,3295,3295,3295,1,427.13
Mix,Kurta Set,0.4,640,3197,3197,3295,3295,3295,1,185.64
Mix,Kurta Set,0.4,640,3197,3197,3295,3295,3295,1,227.52
Mix,Kurta Set,0.4,640,3197,3197,3295,3295,3295,1,475.11
Mix,Kurta Set,0.4,640,3197,3197,3295,3295,3295,1,338.02
Mix,Kurta Set,0.4,640,3197,3197,3295,3295,3295,1,361.13
Mix,Kurta,0.3,415,2095,2095,2095,2295,2295,1,397.93
Mix,Kurta,0.3,415,2095,2095,2095,2295,2295,1,349.57
Mix,Kurta,0.3,415,2095,2095,2095,2295,2295,1,401.7
Mix,Kurta,0.3,415,2095,2095,2095,2295,2295,1,160.79
Mix,Kurta,0.3,415,2095,2095,2095,2295,2295,1,485.15
Mix,Kurta,0.3,415,2095,2095,2095,2295,2295,1,250.79
Mix,Kurta Set,0.4,625,3195,3195,3195,3195,3195,1,140.82
Mix,Kurta Set,0.4,625,3195,3195,3195,3195,3195,1,31.47
Mix,Kurta Set,0.4,625,3195,3195,3195,3195,3195,1,460.15
Mix,Kurta Set,0.4,625,3195,3195,3195,3195,3195,1,236.59
Mix,Kurta Set,0.4,625,3195,3195,3195,3195,3195,1,200.01
Mix,Kurta Set,0.4,625,3195,3195,3195,3195,3195,1,189.76
Mix,Kurta,0.3,400,2097,2097,2097,2097,2097,1,326.34
Mix,Kurta,0.3,400,2097,2097,2097,2097,2097,1,153.17
Mix,Kurta,0.3,400,2097,2097,2097,2097,2097,1,315.91
Mix,Kurta,0.3,400,2097,2097,2097,2097,2097,1,331.7
Mix,Kurta,0.3,400,2097,2097,2097,2097,2097,1,367.96
Mix,Kurta,0.3,400,2097,2097,2097,2097,2097,1,209.62
Mix,Kurta Set,0.4,615,3095,3095,3095,3095,3095,1,53.93
Mix,Kurta Set,0.4,615,3095,3095,3095,3095,3095,1,171.33
Mix,Kurta Set,0.4,615,3095,3095,3095,3095,3095,1,11.28
Mix,Kurta Set,0.4,615,3095,3095,3095,3095,3095,1,89.68
Mix,Kurta Set,0.4,615,3095,3095,3095,3095,3095,1,369.67
Mix,Kurta Set,0.4,615,3095,3095,3095,3095,3095,1,451.84
Mix,Kurta,0.3,425,2195,2195,2195,2195,2195,1,236.71
Mix,Kurta,0.3,425,2195,2195,2195,2195,2195,1,450.12
Mix,Kurta,0.3,425,2195,2195,2195,2195,2195,1,43.69
Mix,Kurta,0.3,425,2195,2195,2195,2195,2195,1,391.39
Mix,Kurta,0.3,425,2195,2195,2195,2195,2195,1,397.19
Mix,Kurta,0.3,425,2195,2195,2195,2195,2195,1,149.4
Mix,Kurta Set,0.4,#VALUE!,Nill,Nill,Nill,Nill,Nill,1,17.21
Mix,Kurta Set,0.4,#VALUE!,Nill,Nill,Nill,Nill,Nill,1,421.5
Mix,Kurta Set,0.4,#VALUE!,Nill,Nill,Nill,Nill,Nill,1,100.52
Mix,Kurta Set,0.4,#VALUE!,Nill,Nill,Nill,Nill,Nill,1,440.1
Mix,Kurta Set,0.4,#VALUE!,Nill,Nill,Nill,Nill,Nill,1,190.03
Mix,Kurta Set,0.4,#VALUE!,Nill,Nill,Nill,Nill,Nill,1,209.43
Mix,Kurta Set,0.4,1195,5997,5997,5997,5997,5997,1,407.4
Mix,Kurta Set,0.4,1195,5997,5997,5997,5997,5997,1,490.2
Mix,Kurta Set,0.4,1195,5997,5997,5997,5997,5997,1,209.24
Mix,Kurta Set,0.4,1195,5997,5997,5997,5997,5997,1,493.05
Nill,Nill,Nill,818,2494,2494,2494,2494,2494,1,116.97
Nill,Nill,Nill,1044,4099,4099,4099,4099,4099,1,193.37
Nill,Nill,Nill,795,2449,2449,2449,2449,2449,1,12.49
Nill,Nill,Nill,1395,4049,4049,4049,4049,4049,1,29.18
Nill,Nill,Nill,1395,4049,4049,4049,4049,4049,1,188.16
Nill,Nill,Nill,1395,4049,4049,4049,4049,4049,1,348.22
Nill,Nill,Nill,1395,4049,4049,4049,4049,4049,1,497.59
Nill,Nill,Nill,1395,4049,4049,4049,4049,4049,1,486.74
Nill,Nill,Nill,895,3149,3149,3149,3149,3149,1,83.17
Nill,Nill,Nill,625,2449,2449,2449,2449,2449,1,278.93
Nill,Nill,Nill,1165,4549,4549,4549,4549,4549,1,69.49
Nill,Nill,Nill,1165,4549,4549,4549,4549,4549,1,51.9
Nill,Nill,Nill,1165,4549,4549,4549,4549,4549,1,370.97
Nill,Nill,Nill,1165,4549,4549,4549,4549,4549,1,451.16
Nill,Nill,Nill,795,2449,2449,2449,2449,2449,1,303.15
Nill,Nill,Nill,150,299,299,299,299,299,1,282.17
Nill,Nill,Nill,100,199,199,199,199,199,1,80.96
Nill,Nill,Nill,899,1695,1695,1695,1695,1695,1,70.73
Nill,Nill,Nill,699,1695,1695,1695,1695,1695,1,297.51
Colors-7,Kurta,0.3,381,1538,1595,1595,1595,1595,1,49.58
Mix,Kurta,0.3,570,2298,2295,2295,2295,2295,1,389.72
Nill,Nill,Nill,2095,Nill,Nill,Nill,Nill,Nill,1,256.34
Nill,Nill,Nill,895,3149,3149,3149,3149,3149,1,211.43
Nill,Nill,Nill,895,3149,3149,3149,3149,3149,1,81.53
Nill,Nill,Nill,995,3499,3499,3499,3499,3499,1,357.48
Nill,Nill,Nill,1395,4049,4049,4049,4049,4049,1,456.41
Nill,Nill,Nill,126,299,299,299,299,299,1,115.5
Nill,Nill,Nill,252,499,499,499,499,499,1,272.93
Nill,Nill,Nill,126,299,299,299,299,299,1,234.1
Nill,Nill,Nill,500,1995,1995,1995,2500,2500,1,268.0
Mix,Kurta,0.3,425,2195,2195,2195,2195,2195,1,87.56
Nill,Nill,Nill,1395,4899,4899,4899,4899,4899,1,292.88
Nill,Nill,Nill,806,3149,3149,3149,3149,3149,1,379.29
Nill,Nill,Nill,859,3149,3149,3149,3149,3149,1,328.71
Mix,Kurta Set,0.4,615,2195,2195,2195,2195,2195,1,67.29
Mix,Kurta,0.3,425,2195,2195,2195,2195,2195,1,165.07
Nill,Nill,Nill,818,2494,2494,2494,2494,2494,1,152.12
Nill,Nill,Nill,395,1695,1695,1695,1695,1695,1,228.12
Nill,Nill,Nill,395,1695,1695,1695,1695,1695,1,317.42
Nill,Nill,Nill,395,1695,1695,1695,1695,1695,1,426.82
Nill,Nill,Nill,395,1695,1695,1695,1695,1695,1,398.33
Nill,Nill,Nill,395,1695,1695,1695,1695,1695,1,430.09
Nill,Nill,Nill,395,1695,1695,1695,1695,1695,1,368.02
Nill,Nill,Nill,395,1695,1695,1695,1695,1695,1,452.12
Nill,Nill,Nill,425,1995,1995,1995,1995,1995,1,436.03
Nill,Nill,Nill,425,1995,1995,1995,1995,1995,1,55.72
Nill,Nill,Nill,425,1995,1995,1995,1995,1995,1,297.74
Nill,Nill,Nill,425,1995,1995,1995,1995,1995,1,233.91
Nill,Nill,Nill,425,1995,1995,1995,1995,1995,1,476.79
Nill,Nill,Nill,425,1995,1995,1995,1995,1995,1,32.15
Nill,Nill,Nill,425,1995,1995,1995,1995,1995,1,24.62
Nill,Nill,Nill,435,1795,1795,1795,1795,1795,1,300.08
Nill,Nill,Nill,435,1795,1795,1795,1795,1795,1,24.32
Nill,Nill,Nill,435,1795,1795,1795,1795,1795,1,378.12
Nill,Nill,Nill,435,1795,1795,1795,1795,1795,1,337.37
Nill,Nill,Nill,435,1795,1795,1795,1795,1795,1,443.87
Nill,Nill,Nill,435,1795,1795,1795,1795,1795,1,389.16
Nill,Nill,Nill,435,1795,1795,1795,1795,1795,1,290.17
Nill,Nill,Nill,818,2494,2494,2494,2494,2494,1,364.72
Mix,Kurta,0.3,425,2195,2195,2195,2195,2195,1,74.93
Nill,Nill,Nill,1165,4549,4549,4549,4549,4549,1,253.69
Nill,Nill,Nill,630.5,630.5,630.5,630.5,630.5,630.5,1,68.6
Nill,Nill,Nill,498,498,498,498,498,498,1,38.39
Mix,Kurta Set,0.4,615,2195,2195,2195,2195,2195,1,56.3
Nill,Nill,Nill,1523,1523,1523,1365,1365,1365,1,74.09
Nill,Nill,Nill,733.95,733.95,733.95,733.95,733.95,733.95,1,52.03
Mix,Kurta,0.3,425,1995,1995,1995,1995,1995,1,496.11
Mix,Kurta,0.3,424,2240,1695,1695,1695,1695,1,342.58
Nill,Nill,Nill,859,3149,3149,3149,3149,3149,1,64.92
Nill,Nill,Nill,818,2494,2494,2494,2494,2494,1,399.53
Nill,Nill,Nill,818,2494,2494,2494,2494,2494,1,239.97
Nill,Nill,Nill,818,2494,2494,2494,2494,2494,1,127.75
Nill,Nill,Nill,818,2494,2494,2494,2494,2494,1,339.07
Nill,Nill,Nill,818,2494,2494,2494,2494,2494,1,186.39
Nill,Nill,Nill,818,2494,2494,2494,2494,2494,1,477.24
Nill,Nill,Nill,818,2494,2494,2494,2494,2494,1,209.51
Nill,Nill,Nill,818,2494,2494,2494,2494,2494,1,455.13
Nill,Nill,Nill,818,2494,2494,2494,2494,2494,1,71.52
Nill,Nill,Nill,818,2494,2494,2494,2494,2494,1,356.41
Nill,Nill,Nill,818,2494,2494,2494,2494,2494,1,407.86
Nill,Nill,Nill,818,2494,2494,2494,2494,2494,1,116.89
Nill,Nill,Nill,818,2494,2494,2494,2494,2494,1,259.97
Mix,Kurta,0.3,424,2240,1695,1695,1695,1695,1,279.47
Mix,Kurta,0.3,467,1878,1995,1995,1995,1995,1,440.91
Mix,Kurta,0.3,467,1878,1995,1995,1995,1995,1,177.62
Mix,Kurta,0.3,467,1878,1995,1995,1995,1995,1,271.08
Mix,Kurta,0.3,467,1878,1995,1995,1995,1995,1,210.19
Mix,Kurta,0.3,467,1878,1995,1995,1995,1995,1,418.52
Mix,Kurta,0.3,467,1878,1995,1995,1995,1995,1,12.54
Mix,Kurta,0.3,467,1878,1995,1995,1995,1995,1,65.94
