sku,style_id,catalog,category,weight,tp_1,tp_2,mrp_old,final_mrp_old
Os206_3141_S,Os206_3141,Moments,Kurta,0.3,538,435.78,2178,2295
Os206_3141_M,Os206_3141,Moments,Kurta,0.3,538,435.78,2178,2295
Os206_3141_L,Os206_3141,Moments,Kurta,0.3,538,435.78,2178,2295
Os206_3141_XL,Os206_3141,Moments,Kurta,0.3,538,435.78,2178,2295
Os206_3141_2XL,Os206_3141,Moments,Kurta,0.3,538,435.78,2178,2295
Os206_3141_3XL,Os206_3141,Moments,Kurta,0.3,538,435.78,2178,2295
Os223_3142_S,Os223_3142,Moments,Kurta,0.3,538,435.78,2178,2295
Os223_3142_M,Os223_3142,Moments,Kurta,0.3,538,435.78,2178,2295
Os223_3142_L,Os223_3142,Moments,Kurta,0.3,538,435.78,2178,2295
Os223_3142_XL,Os223_3142,Moments,Kurta,0.3,538,435.78,2178,2295
Os223_3142_2XL,Os223_3142,Moments,Kurta,0.3,538,435.78,2178,2295
Os223_3142_3XL,Os223_3142,Moments,Kurta,0.3,538,435.78,2178,2295
Os212_3143_S,Os212_3143,Moments,Kurta,0.3,538,435.78,2178,2295
Os212_3143_M,Os212_3143,Moments,Kurta,0.3,538,435.78,2178,2295
Os212_3143_L,Os212_3143,Moments,Kurta,0.3,538,435.78,2178,2295
Os212_3143_XL,Os212_3143,Moments,Kurta,0.3,538,435.78,2178,2295
Os212_3143_2XL,Os212_3143,Moments,Kurta,0.3,538,435.78,2178,2295
Os212_3143_3XL,Os212_3143,Moments,Kurta,0.3,538,435.78,2178,2295
Os214_3144_S,Os214_3144,Moments,Kurta,0.3,538,435.78,2178,2295
Os214_3144_M,Os214_3144,Moments,Kurta,0.3,538,435.78,2178,2295
Os214_3144_L,Os214_3144,Moments,Kurta,0.3,538,435.78,2178,2295
Os214_3144_XL,Os214_3144,Moments,Kurta,0.3,538,435.78,2178,2295
Os214_3144_2XL,Os214_3144,Moments,Kurta,0.3,538,435.78,2178,2295
Os214_3144_3XL,Os214_3144,Moments,Kurta,0.3,538,435.78,2178,2295
Os207_3145_S,Os207_3145,Moments,Kurta,0.3,538,435.78,2178,2295
Os207_3145_M,Os207_3145,Moments,Kurta,0.3,538,435.78,2178,2295
Os207_3145_L,Os207_3145,Moments,Kurta,0.3,538,435.78,2178,2295
Os207_3145_XL,Os207_3145,Moments,Kurta,0.3,538,435.78,2178,2295
Os207_3145_2XL,Os207_3145,Moments,Kurta,0.3,538,435.78,2178,2295
Os207_3145_3XL,Os207_3145,Moments,Kurta,0.3,538,435.78,2178,2295
Os202_3146_S,Os202_3146,Moments,Kurta,0.3,538,435.78,2178,2295
Os202_3146_M,Os202_3146,Moments,Kurta,0.3,538,435.78,2178,2295
Os202_3146_L,Os202_3146,Moments,Kurta,0.3,538,435.78,2178,2295
Os202_3146_XL,Os202_3146,Moments,Kurta,0.3,538,435.78,2178,2295
Os202_3146_2XL,Os202_3146,Moments,Kurta,0.3,538,435.78,2178,2295
Os202_3146_3XL,Os202_3146,Moments,Kurta,0.3,538,435.78,2178,2295
Os181_5051_S,Os181_5051,Colors-8,Kurta,0.3,438,354.78,1778,1895
Os181_5051_M,Os181_5051,Colors-8,Kurta,0.3,438,354.78,1778,1895
Os181_5051_L,Os181_5051,Colors-8,Kurta,0.3,438,354.78,1778,1895
Os181_5051_XL,Os181_5051,Colors-8,Kurta,0.3,438,354.78,1778,1895
Os181_5051_2XL,Os181_5051,Colors-8,Kurta,0.3,438,354.78,1778,1895
Os181_5051_3XL,Os181_5051,Colors-8,Kurta,0.3,438,354.78,1778,1895
Os191_5052_S,Os191_5052,Colors-8,Kurta,0.3,438,354.78,1778,1895
Os191_5052_M,Os191_5052,Colors-8,Kurta,0.3,438,354.78,1778,1895
Os191_5052_L,Os191_5052,Colors-8,Kurta,0.3,438,354.78,1778,1895
Os191_5052_XL,Os191_5052,Colors-8,Kurta,0.3,438,354.78,1778,1895
Os191_5052_2XL,Os191_5052,Colors-8,Kurta,0.3,438,354.78,1778,1895
Os191_5052_3XL,Os191_5052,Colors-8,Kurta,0.3,438,354.78,1778,1895
Os197_5053_S,Os197_5053,Colors-8,Kurta,0.3,438,354.78,1895,1895
Os197_5053_M,Os197_5053,Colors-8,Kurta,0.3,438,354.78,1895,1895
Os197_5053_L,Os197_5053,Colors-8,Kurta,0.3,438,354.78,1895,1895
Os197_5053_XL,Os197_5053,Colors-8,Kurta,0.3,438,354.78,1895,1895
Os197_5053_2XL,Os197_5053,Colors-8,Kurta,0.3,438,354.78,1895,1895
Os197_5053_3XL,Os197_5053,Colors-8,Kurta,0.3,438,354.78,1895,1895
OS219_5054_S,OS219_5054,Colors-8,Kurta,0.3,438,354.78,1778,1895
OS219_5054_M,OS219_5054,Colors-8,Kurta,0.3,438,354.78,1778,1895
OS219_5054_L,OS219_5054,Colors-8,Kurta,0.3,438,354.78,1778,1895
OS219_5054_XL,OS219_5054,Colors-8,Kurta,0.3,438,354.78,1778,1895
OS219_5054_2XL,OS219_5054,Colors-8,Kurta,0.3,438,354.78,1778,1895
OS219_5054_3XL,OS219_5054,Colors-8,Kurta,0.3,438,354.78,1778,1895
Os195_5055_S,Os195_5055,Colors-8,Kurta,0.3,438,354.78,1778,1895
Os195_5055_M,Os195_5055,Colors-8,Kurta,0.3,438,354.78,1778,1895
Os195_5055_L,Os195_5055,Colors-8,Kurta,0.3,438,354.78,1778,1895
Os195_5055_XL,Os195_5055,Colors-8,Kurta,0.3,438,354.78,1778,1895
Os195_5055_2XL,Os195_5055,Colors-8,Kurta,0.3,438,354.78,1778,1895
Os195_5055_3XL,Os195_5055,Colors-8,Kurta,0.3,438,354.78,1778,1895
Os189_5056_S,Os189_5056,Colors-8,Kurta,0.3,438,354.78,1778,1895
Os189_5056_M,Os189_5056,Colors-8,Kurta,0.3,438,354.78,1778,1895
Os189_5056_L,Os189_5056,Colors-8,Kurta,0.3,438,354.78,1778,1895
Os189_5056_XL,Os189_5056,Colors-8,Kurta,0.3,438,354.78,1778,1895
Os189_5056_2XL,Os189_5056,Colors-8,Kurta,0.3,438,354.78,1778,1895
Os189_5056_3XL,Os189_5056,Colors-8,Kurta,0.3,438,354.78,1778,1895
Os182_5057_S,Os182_5057,Colors-8,Kurta,0.3,438,354.78,1895,254
Os182_5057_M,Os182_5057,Colors-8,Kurta,0.3,438,354.78,1895,1895
Os182_5057_L,Os182_5057,Colors-8,Kurta,0.3,438,354.78,1895,1895
Os182_5057_XL,Os182_5057,Colors-8,Kurta,0.3,438,354.78,1895,1895
Os182_5057_2XL,Os182_5057,Colors-8,Kurta,0.3,438,354.78,1895,1895
Os182_5057_3XL,Os182_5057,Colors-8,Kurta,0.3,438,354.78,1895,1895
Os209_5058_S,Os209_5058,Colors-8,Kurta,0.3,438,354.78,1778,1895
Os209_5058_M,Os209_5058,Colors-8,Kurta,0.3,438,354.78,1778,1895
Os209_5058_L,Os209_5058,Colors-8,Kurta,0.3,438,354.78,1778,1895
Os209_5058_XL,Os209_5058,Colors-8,Kurta,0.3,438,354.78,1778,1895
Os209_5058_2XL,Os209_5058,Colors-8,Kurta,0.3,438,354.78,1778,1895
Os209_5058_3XL,Os209_5058,Colors-8,Kurta,0.3,438,354.78,1778,1895
Os218_3151_S,Os218_3151,Breeze-4,Kurta,0.3,505,409.05,2038,2195
Os218_3151_M,Os218_3151,Breeze-4,Kurta,0.3,505,409.05,2038,2195
Os218_3151_L,Os218_3151,Breeze-4,Kurta,0.3,505,409.05,2038,2195
Os218_3151_XL,Os218_3151,Breeze-4,Kurta,0.3,505,409.05,2038,2195
Os218_3151_2XL,Os218_3151,Breeze-4,Kurta,0.3,505,409.05,2038,2195
Os218_3151_3XL,Os218_3151,Breeze-4,Kurta,0.3,505,409.05,2038,2195
Os201_3152_S,Os201_3152,Breeze-4,Kurta,0.3,505,409.05,2038,2195
Os201_3152_M,Os201_3152,Breeze-4,Kurta,0.3,505,409.05,2038,2195
Os201_3152_L,Os201_3152,Breeze-4,Kurta,0.3,505,409.05,2038,2195
Os201_3152_XL,Os201_3152,Breeze-4,Kurta,0.3,505,409.05,2038,2195
Os201_3152_2XL,Os201_3152,Breeze-4,Kurta,0.3,505,409.05,2038,2195
Os201_3152_3XL,Os201_3152,Breeze-4,Kurta,0.3,505,409.05,2038,2195
Os175_3153_S,Os175_3153,Breeze-4,Kurta,0.3,505,409.05,2038,2195
Os175_3153_M,Os175_3153,Breeze-4,Kurta,0.3,505,409.05,2038,2195
Os175_3153_L,Os175_3153,Breeze-4,Kurta,0.3,505,409.05,2038,2195
Os175_3153_XL,Os175_3153,Breeze-4,Kurta,0.3,505,409.05,2038,2195
Os175_3153_2XL,Os175_3153,Breeze-4,Kurta,0.3,505,409.05,2038,2195
Os175_3153_3XL,Os175_3153,Breeze-4,Kurta,0.3,505,409.05,2038,2195
Os220_3154_S,Os220_3154,Breeze-4,Kurta,0.3,505,409.05,2038,2195
Os220_3154_M,Os220_3154,Breeze-4,Kurta,0.3,505,409.05,2038,2195
Os220_3154_L,Os220_3154,Breeze-4,Kurta,0.3,505,409.05,2038,2195
Os220_3154_XL,Os220_3154,Breeze-4,Kurta,0.3,505,409.05,2038,2195
Os220_3154_2XL,Os220_3154,Breeze-4,Kurta,0.3,505,409.05,2038,2195
Os220_3154_3XL,Os220_3154,Breeze-4,Kurta,0.3,505,409.05,2038,2195
Os174_3155_S,Os174_3155,Breeze-4,Kurta,0.3,505,409.05,2038,2195
Os174_3155_M,Os174_3155,Breeze-4,Kurta,0.3,505,409.05,2038,2195
Os174_3155_L,Os174_3155,Breeze-4,Kurta,0.3,505,409.05,2038,2195
Os174_3155_XL,Os174_3155,Breeze-4,Kurta,0.3,505,409.05,2038,2195
Os174_3155_2XL,Os174_3155,Breeze-4,Kurta,0.3,505,409.05,2038,2195
Os174_3155_3XL,Os174_3155,Breeze-4,Kurta,0.3,505,409.05,2038,2195
Os222_3156_S,Os222_3156,Breeze-4,Kurta,0.3,505,409.05,2038,2195
Os222_3156_M,Os222_3156,Breeze-4,Kurta,0.3,505,409.05,2038,2195
Os222_3156_L,Os222_3156,Breeze-4,Kurta,0.3,505,409.05,2038,2195
Os222_3156_XL,Os222_3156,Breeze-4,Kurta,0.3,505,409.05,2038,2195
Os222_3156_2XL,Os222_3156,Breeze-4,Kurta,0.3,505,409.05,2038,2195
Os222_3156_3XL,Os222_3156,Breeze-4,Kurta,0.3,505,409.05,2038,2195
Os228_1432_S,Os228_1432,Rozana,Kurta Set,0.4,590,477.90,2378,2495
Os228_1432_M,Os228_1432,Rozana,Kurta Set,0.4,590,477.90,2378,2495
Os228_1432_L,Os228_1432,Rozana,Kurta Set,0.4,590,477.90,2378,2495
Os228_1432_XL,Os228_1432,Rozana,Kurta Set,0.4,590,477.90,2378,2495
Os228_1432_2XL,Os228_1432,Rozana,Kurta Set,0.4,590,477.90,2378,2495
Os228_1432_3XL,Os228_1432,Rozana,Kurta Set,0.4,590,477.90,2378,2495
Os227_1437_S,Os227_1437,Rozana,Kurta Set,0.4,590,477.90,2378,2495
Os227_1437_M,Os227_1437,Rozana,Kurta Set,0.4,590,477.90,2378,2495
Os227_1437_L,Os227_1437,Rozana,Kurta Set,0.4,590,477.90,2378,2495
Os227_1437_XL,Os227_1437,Rozana,Kurta Set,0.4,590,477.90,2378,2495
Os227_1437_2XL,Os227_1437,Rozana,Kurta Set,0.4,590,477.90,2378,2495
Os227_1437_3XL,Os227_1437,Rozana,Kurta Set,0.4,590,477.90,2378,2495
OS224_1433_S,OS224_1433,Rozana,Kurta Set,0.4,590,477.90,2378,2495
OS224_1433_M,OS224_1433,Rozana,Kurta Set,0.4,590,477.90,2378,2495
OS224_1433_L,OS224_1433,Rozana,Kurta Set,0.4,590,477.90,2378,2495
OS224_1433_XL,OS224_1433,Rozana,Kurta Set,0.4,590,477.90,2378,2495
OS224_1433_2XL,OS224_1433,Rozana,Kurta Set,0.4,590,477.90,2378,2495
OS224_1433_3XL,OS224_1433,Rozana,Kurta Set,0.4,590,477.90,2378,2495
Os232_1431_S,Os232_1431,Rozana,Kurta Set,0.4,590,477.90,2378,2495
Os232_1431_M,Os232_1431,Rozana,Kurta Set,0.4,590,477.90,2378,2495
Os232_1431_L,Os232_1431,Rozana,Kurta Set,0.4,590,477.90,2378,2495
Os232_1431_XL,Os232_1431,Rozana,Kurta Set,0.4,590,477.90,2378,2495
Os232_1431_2XL,Os232_1431,Rozana,Kurta Set,0.4,590,477.90,2378,2495
Os232_1431_3XL,Os232_1431,Rozana,Kurta Set,0.4,590,477.90,2378,2495
Os226_1436_S,Os226_1436,Rozana,Kurta Set,0.4,590,477.90,2378,2495
Os226_1436_M,Os226_1436,Rozana,Kurta Set,0.4,590,477.90,2378,2495
Os226_1436_L,Os226_1436,Rozana,Kurta Set,0.4,590,477.90,2378,2495
Os226_1436_XL,Os226_1436,Rozana,Kurta Set,0.4,590,477.90,2378,2495
Os226_1436_2XL,Os226_1436,Rozana,Kurta Set,0.4,590,477.90,2378,2495
Os226_1436_3XL,Os226_1436,Rozana,Kurta Set,0.4,590,477.90,2378,2495
Os230_1438_S,Os230_1438,Rozana,Kurta Set,0.4,590,477.90,2378,2495
Os230_1438_M,Os230_1438,Rozana,Kurta Set,0.4,590,477.90,2378,2495
Os230_1438_L,Os230_1438,Rozana,Kurta Set,0.4,590,477.90,2378,2495
Os230_1438_XL,Os230_1438,Rozana,Kurta Set,0.4,590,477.90,2378,2495
Os230_1438_2XL,Os230_1438,Rozana,Kurta Set,0.4,590,477.90,2378,2495
Os230_1438_3XL,Os230_1438,Rozana,Kurta Set,0.4,590,477.90,2378,2495
Os225_1434_S,Os225_1434,Rozana,Kurta Set,0.4,590,477.90,2378,2495
Os225_1434_M,Os225_1434,Rozana,Kurta Set,0.4,590,477.90,2378,2495
Os225_1434_L,Os225_1434,Rozana,Kurta Set,0.4,590,477.90,2378,2495
Os225_1434_XL,Os225_1434,Rozana,Kurta Set,0.4,590,477.90,2378,2495
Os225_1434_2XL,Os225_1434,Rozana,Kurta Set,0.4,590,477.90,2378,2495
Os225_1434_3XL,Os225_1434,Rozana,Kurta Set,0.4,590,477.90,2378,2495
Os229_1435_S,Os229_1435,Rozana,Kurta Set,0.4,590,477.90,2378,2495
Os229_1435_M,Os229_1435,Rozana,Kurta Set,0.4,590,477.90,2378,2495
Os229_1435_L,Os229_1435,Rozana,Kurta Set,0.4,590,477.90,2378,2495
Os229_1435_XL,Os229_1435,Rozana,Kurta Set,0.4,590,477.90,2378,2495
Os229_1435_2XL,Os229_1435,Rozana,Kurta Set,0.4,590,477.90,2378,2495
Os229_1435_3XL,Os229_1435,Rozana,Kurta Set,0.4,590,477.90,2378,2495
Os200_5041_S,Os200_5041,Colors-7,Kurta,0.3,381,308.61,1538,1595
Os200_5041_M,Os200_5041,Colors-7,Kurta,0.3,381,308.61,1538,1595
Os200_5041_L,Os200_5041,Colors-7,Kurta,0.3,381,308.61,1538,1595
Os200_5041_XL,Os200_5041,Colors-7,Kurta,0.3,381,308.61,1538,1595
Os200_5041_2XL,Os200_5041,Colors-7,Kurta,0.3,381,308.61,1538,1595
Os200_5041_3XL,Os200_5041,Colors-7,Kurta,0.3,381,308.61,1538,1595
Os188_5042_S,Os188_5042,Colors-7,Kurta,0.3,381,308.61,1538,1595
Os188_5042_M,Os188_5042,Colors-7,Kurta,0.3,381,308.61,1538,1595
Os188_5042_L,Os188_5042,Colors-7,Kurta,0.3,381,308.61,1538,1595
Os188_5042_XL,Os188_5042,Colors-7,Kurta,0.3,381,308.61,1538,1595
Os188_5042_2XL,Os188_5042,Colors-7,Kurta,0.3,381,308.61,1538,1595
Os188_5042_3XL,Os188_5042,Colors-7,Kurta,0.3,381,308.61,1538,1595
Os208_5043_S,Os208_5043,Colors-7,Kurta,0.3,381,308.61,1538,1595
Os208_5043_M,Os208_5043,Colors-7,Kurta,0.3,381,308.61,1538,1595
Os208_5043_L,Os208_5043,Colors-7,Kurta,0.3,381,308.61,1538,1595
Os208_5043_XL,Os208_5043,Colors-7,Kurta,0.3,381,308.61,1538,1595
Os208_5043_2XL,Os208_5043,Colors-7,Kurta,0.3,381,308.61,1538,1595
Os208_5043_3XL,Os208_5043,Colors-7,Kurta,0.3,381,308.61,1538,1595
Os183_5044_S,Os183_5044,Colors-7,Kurta,0.3,381,308.61,1538,1595
Os183_5044_M,Os183_5044,Colors-7,Kurta,0.3,381,308.61,1538,1595
Os183_5044_L,Os183_5044,Colors-7,Kurta,0.3,381,308.61,1538,1595
Os183_5044_XL,Os183_5044,Colors-7,Kurta,0.3,381,308.61,1538,1595
Os183_5044_2XL,Os183_5044,Colors-7,Kurta,0.3,381,308.61,1538,1595
Os183_5044_3XL,Os183_5044,Colors-7,Kurta,0.3,381,308.61,1538,1595
Os198_5045_S,Os198_5045,Colors-7,Kurta,0.3,381,308.61,1538,1595
Os198_5045_M,Os198_5045,Colors-7,Kurta,0.3,381,308.61,1538,1595
Os198_5045_L,Os198_5045,Colors-7,Kurta,0.3,381,308.61,1538,1595
Os198_5045_XL,Os198_5045,Colors-7,Kurta,0.3,381,308.61,1538,1595
Os198_5045_2XL,Os198_5045,Colors-7,Kurta,0.3,381,308.61,1538,1595
Os198_5045_3XL,Os198_5045,Colors-7,Kurta,0.3,381,308.61,1538,1595
Os199_5046_S,Os199_5046,Colors-7,Kurta,0.3,381,308.61,1538,1595
Os199_5046_M,Os199_5046,Colors-7,Kurta,0.3,381,308.61,1538,1595
Os199_5046_L,Os199_5046,Colors-7,Kurta,0.3,381,308.61,1538,1595
Os199_5046_XL,Os199_5046,Colors-7,Kurta,0.3,381,308.61,1538,1595
Os199_5046_2XL,Os199_5046,Colors-7,Kurta,0.3,381,308.61,1538,1595
Os199_5046_3XL,Os199_5046,Colors-7,Kurta,0.3,381,308.61,1538,1595
Os170_5048_S,Os170_5048,Colors-7,Kurta,0.3,381,308.61,1538,1595
Os170_5048_M,Os170_5048,Colors-7,Kurta,0.3,381,308.61,1538,1595
Os170_5048_L,Os170_5048,Colors-7,Kurta,0.3,381,308.61,1538,1595
Os170_5048_XL,Os170_5048,Colors-7,Kurta,0.3,381,308.61,1538,1595
Os170_5048_2XL,Os170_5048,Colors-7,Kurta,0.3,381,308.61,1538,1595
Os170_5048_3XL,Os170_5048,Colors-7,Kurta,0.3,381,308.61,1538,1595
Os235_1112_S,Os235_1112,Mix,Kurta,0.3,952,771.12,3858,3995
Os235_1112_M,Os235_1112,Mix,Kurta,0.3,952,771.12,3858,3995
Os235_1112_L,Os235_1112,Mix,Kurta,0.3,952,771.12,3858,3995
Os235_1112_XL,Os235_1112,Mix,Kurta,0.3,952,771.12,3858,3995
Os235_1112_2XL,Os235_1112,Mix,Kurta,0.3,952,771.12,3858,3995
Os235_1112_3XL,Os235_1112,Mix,Kurta,0.3,952,771.12,3858,3995
Os233_1058_S,Os233_1058,Mix,Kurta,0.3,952,771.12,3858,3995
Os233_1058_M,Os233_1058,Mix,Kurta,0.3,952,771.12,3858,3995
Os233_1058_L,Os233_1058,Mix,Kurta,0.3,952,771.12,3858,3995
Os233_1058_XL,Os233_1058,Mix,Kurta,0.3,952,771.12,3858,3995
Os233_1058_2XL,Os233_1058,Mix,Kurta,0.3,952,771.12,3858,3995
Os233_1058_3XL,Os233_1058,Mix,Kurta,0.3,952,771.12,3858,3995
Os179_1116_S,Os179_1116,Mix,Kurta,0.3,570,461.70,2298,2395
Os179_1116_M,Os179_1116,Mix,Kurta,0.3,570,461.70,2298,2395
Os179_1116_L,Os179_1116,Mix,Kurta,0.3,570,461.70,2298,2395
Os179_1116_XL,Os179_1116,Mix,Kurta,0.3,570,461.70,2298,2395
Os179_1116_2XL,Os179_1116,Mix,Kurta,0.3,570,461.70,2298,2395
Os179_1116_3XL,Os179_1116,Mix,Kurta,0.3,570,461.70,2298,2395
Os210_3137_S,Os210_3137,Mix,Kurta,0.3,519,420.39,2098,2195
Os210_3137_M,Os210_3137,Mix,Kurta,0.3,519,420.39,2098,2195
Os210_3137_L,Os210_3137,Mix,Kurta,0.3,519,420.39,2098,2195
Os210_3137_XL,Os210_3137,Mix,Kurta,0.3,519,420.39,2098,2195
Os210_3137_2XL,Os210_3137,Mix,Kurta,0.3,519,420.39,2098,2195
Os210_3137_3XL,Os210_3137,Mix,Kurta,0.3,519,420.39,2098,2195
Os177_1057_S,Os177_1057,Mix,Kurta,0.3,714,578.34,2878,2995
Os177_1057_M,Os177_1057,Mix,Kurta,0.3,714,578.34,2878,2995
Os177_1057_L,Os177_1057,Mix,Kurta,0.3,714,578.34,2878,2995
Os177_1057_XL,Os177_1057,Mix,Kurta,0.3,714,578.34,2878,2995
Os177_1057_2XL,Os177_1057,Mix,Kurta,0.3,714,578.34,2878,2995
Os177_1057_3XL,Os177_1057,Mix,Kurta,0.3,714,578.34,2878,2995
Os180_3134_S,Os180_3134,Mix,Kurta,0.3,519,420.39,2098,2195
Os180_3134_M,Os180_3134,Mix,Kurta,0.3,519,420.39,2098,2195
Os180_3134_L,Os180_3134,Mix,Kurta,0.3,519,420.39,2098,2195
Os180_3134_XL,Os180_3134,Mix,Kurta,0.3,519,420.39,2098,2195
Os180_3134_2XL,Os180_3134,Mix,Kurta,0.3,519,420.39,2098,2195
Os180_3134_3XL,Os180_3134,Mix,Kurta,0.3,519,420.39,2098,2195
Os178_1115_S,Os178_1115,Mix,Kurta,0.3,595,481.95,2398,2495
Os178_1115_M,Os178_1115,Mix,Kurta,0.3,595,481.95,2398,2495
Os178_1115_L,Os178_1115,Mix,Kurta,0.3,595,481.95,2398,2495
Os178_1115_XL,Os178_1115,Mix,Kurta,0.3,595,481.95,2398,2495
Os178_1115_2XL,Os178_1115,Mix,Kurta,0.3,595,481.95,2398,2495
Os178_1115_3XL,Os178_1115,Mix,Kurta,0.3,595,481.95,2398,2495
Os211_3011_S,Os211_3011,Mix,Kurta,0.3,467,378.27,1878,1995
Os211_3011_M,Os211_3011,Mix,Kurta,0.3,467,378.27,1878,1995
Os211_3011_L,Os211_3011,Mix,Kurta,0.3,467,378.27,1878,1995
Os211_3011_XL,Os211_3011,Mix,Kurta,0.3,467,378.27,1878,1995
Os211_3011_2XL,Os211_3011,Mix,Kurta,0.3,467,378.27,1878,1995
Os211_3011_3XL,Os211_3011,Mix,Kurta,0.3,467,378.27,1878,1995
Os171_1096_S,Os171_1096,Mix,Kurta,0.3,552,447.12,2238,2395
Os171_1096_M,Os171_1096,Mix,Kurta,0.3,552,447.12,2238,2395
Os171_1096_L,Os171_1096,Mix,Kurta,0.3,552,447.12,2238,2395
Os171_1096_XL,Os171_1096,Mix,Kurta,0.3,552,447.12,2238,2395
Os171_1096_2XL,Os171_1096,Mix,Kurta,0.3,552,447.12,2238,2395
Os171_1096_3XL,Os171_1096,Mix,Kurta,0.3,552,447.12,2238,2395
Os184_1127_S,Os184_1127,Mix,Kurta,0.3,529,428.49,2138,2295
Os184_1127_M,Os184_1127,Mix,Kurta,0.3,529,428.49,2138,2295
Os184_1127_L,Os184_1127,Mix,Kurta,0.3,529,428.49,2138,2295
Os184_1127_XL,Os184_1127,Mix,Kurta,0.3,529,428.49,2138,2295
Os184_1127_2XL,Os184_1127,Mix,Kurta,0.3,529,428.49,2138,2295
Os184_1127_3XL,Os184_1127,Mix,Kurta,0.3,529,428.49,2138,2295
Os231_1384_S,Os231_1384,Mix,Kurta Set,0.4,662,536.22,2678,2795
Os231_1384_M,Os231_1384,Mix,Kurta Set,0.4,662,536.22,2678,2795
Os231_1384_L,Os231_1384,Mix,Kurta Set,0.4,662,536.22,2678,2795
Os231_1384_XL,Os231_1384,Mix,Kurta Set,0.4,662,536.22,2678,2795
Os231_1384_2XL,Os231_1384,Mix,Kurta Set,0.4,662,536.22,2678,2795
Os231_1384_3XL,Os231_1384,Mix,Kurta Set,0.4,662,536.22,2678,2795
Os186_1377_S,Os186_1377,Mix,Kurta,0.3,538,435.78,2178,2295
Os186_1377_M,Os186_1377,Mix,Kurta,0.3,538,435.78,2178,2295
Os186_1377_L,Os186_1377,Mix,Kurta,0.3,538,435.78,2178,2295
Os186_1377_XL,Os186_1377,Mix,Kurta,0.3,538,435.78,2178,2295
Os186_1377_2XL,Os186_1377,Mix,Kurta,0.3,538,435.78,2178,2295
Os186_1377_3XL,Os186_1377,Mix,Kurta,0.3,538,435.78,2178,2295
Os185_1105_S,Os185_1105,Mix,Kurta,0.3,529,428.49,2138,2295
Os185_1105_M,Os185_1105,Mix,Kurta,0.3,529,428.49,2138,2295
Os185_1105_L,Os185_1105,Mix,Kurta,0.3,529,428.49,2138,2295
Os185_1105_XL,Os185_1105,Mix,Kurta,0.3,529,428.49,2138,2295
Os185_1105_2XL,Os185_1105,Mix,Kurta,0.3,529,428.49,2138,2295
Os185_1105_3XL,Os185_1105,Mix,Kurta,0.3,529,428.49,2138,2295
Os190_1128_S,Os190_1128,Mix,Kurta,0.3,570,461.70,2298,2295
Os190_1128_M,Os190_1128,Mix,Kurta,0.3,570,461.70,2298,2295
Os190_1128_L,Os190_1128,Mix,Kurta,0.3,570,461.70,2298,2295
Os190_1128_XL,Os190_1128,Mix,Kurta,0.3,570,461.70,2298,2295
Os190_1128_2XL,Os190_1128,Mix,Kurta,0.3,570,461.70,2298,2295
Os190_1128_3XL,Os190_1128,Mix,Kurta,0.3,570,461.70,2298,2295
Os192_1124_S,Os192_1124,Mix,Kurta,0.3,570,461.70,2298,2295
Os192_1124_M,Os192_1124,Mix,Kurta,0.3,570,461.70,2298,2295
Os192_1124_L,Os192_1124,Mix,Kurta,0.3,570,461.70,2298,2295
Os192_1124_XL,Os192_1124,Mix,Kurta,0.3,570,461.70,2298,2295
Os192_1124_2XL,Os192_1124,Mix,Kurta,0.3,570,461.70,2298,2295
Os192_1124_3XL,Os192_1124,Mix,Kurta,0.3,570,461.70,2298,2295
Os172_1092_S,Os172_1092,Mix,Kurta,0.3,570,461.70,2298,2295
Os172_1092_M,Os172_1092,Mix,Kurta,0.3,570,461.70,2298,2295
Os172_1092_L,Os172_1092,Mix,Kurta,0.3,570,461.70,2298,2295
Os172_1092_XL,Os172_1092,Mix,Kurta,0.3,570,461.70,2298,2295
Os172_1092_2XL,Os172_1092,Mix,Kurta,0.3,570,461.70,2298,2295
Os172_1092_3XL,Os172_1092,Mix,Kurta,0.3,570,461.70,2298,2295
Os176_1015_S,Os176_1015,Mix,Kurta,0.3,724,586.44,2918,3095
Os176_1015_M,Os176_1015,Mix,Kurta,0.3,724,586.44,2918,3095
Os176_1015_L,Os176_1015,Mix,Kurta,0.3,724,586.44,2918,3095
Os176_1015_XL,Os176_1015,Mix,Kurta,0.3,724,586.44,2918,3095
Os176_1015_2XL,Os176_1015,Mix,Kurta,0.3,724,586.44,2918,3095
Os176_1015_3XL,Os176_1015,Mix,Kurta,0.3,724,586.44,2918,3095
Os196_1371_S,Os196_1371,Mix,Kurta,0.3,538,435.78,2178,2295
Os196_1371_M,Os196_1371,Mix,Kurta,0.3,538,435.78,2178,2295
Os196_1371_L,Os196_1371,Mix,Kurta,0.3,538,435.78,2178,2295
Os196_1371_XL,Os196_1371,Mix,Kurta,0.3,538,435.78,2178,2295
Os196_1371_2XL,Os196_1371,Mix,Kurta,0.3,538,435.78,2178,2295
Os196_1371_3XL,Os196_1371,Mix,Kurta,0.3,538,435.78,2178,2295
Os193_1062_S,Os193_1062,Mix,Kurta,0.3,570,461.70,2298,2395
Os193_1062_M,Os193_1062,Mix,Kurta,0.3,570,461.70,2298,2395
Os193_1062_L,Os193_1062,Mix,Kurta,0.3,570,461.70,2298,2395
Os193_1062_XL,Os193_1062,Mix,Kurta,0.3,570,461.70,2298,2395
Os193_1062_2XL,Os193_1062,Mix,Kurta,0.3,570,461.70,2298,2395
Os193_1062_3XL,Os193_1062,Mix,Kurta,0.3,570,461.70,2298,2395
Os205_1054_S,Os205_1054,Mix,Kurta,0.3,570,461.70,2298,2395
Os205_1054_M,Os205_1054,Mix,Kurta,0.3,570,461.70,2298,2395
Os205_1054_L,Os205_1054,Mix,Kurta,0.3,570,461.70,2298,2395
Os205_1054_XL,Os205_1054,Mix,Kurta,0.3,570,461.70,2298,2395
Os205_1054_2XL,Os205_1054,Mix,Kurta,0.3,570,461.70,2298,2395
Os205_1054_3XL,Os205_1054,Mix,Kurta,0.3,570,461.70,2298,2395
Os203_1100_S,Os203_1100,Mix,Kurta,0.3,529,428.49,2138,2395
Os203_1100_M,Os203_1100,Mix,Kurta,0.3,529,428.49,2138,2395
Os203_1100_L,Os203_1100,Mix,Kurta,0.3,529,428.49,2138,2395
Os203_1100_XL,Os203_1100,Mix,Kurta,0.3,529,428.49,2138,2395
Os203_1100_2XL,Os203_1100,Mix,Kurta,0.3,529,428.49,2138,2395
Os203_1100_3XL,Os203_1100,Mix,Kurta,0.3,529,428.49,2138,2395
Os204_3091_S,Os204_3091,Mix,Kurta,0.3,529,428.49,2138,2395
Os204_3091_M,Os204_3091,Mix,Kurta,0.3,529,428.49,2138,2395
Os204_3091_L,Os204_3091,Mix,Kurta,0.3,529,428.49,2138,2395
Os204_3091_XL,Os204_3091,Mix,Kurta,0.3,529,428.49,2138,2395
Os204_3091_2XL,Os204_3091,Mix,Kurta,0.3,529,428.49,2138,2395
Os204_3091_3XL,Os204_3091,Mix,Kurta,0.3,529,428.49,2210,2395
Os160_S,Os160,Mix,Kurta,0.3,424,343.44,2240,1695
Os160_M,Os160,Mix,Kurta,0.3,424,343.44,1695,1695
Os160_L,Os160,Mix,Kurta,0.3,424,343.44,1695,1695
Os160_XL,Os160,Mix,Kurta,0.3,424,343.44,1695,1695
Os160_2XL,Os160,Mix,Kurta,0.3,424,343.44,1695,1695
Os160_3XL,Os160,Mix,Kurta,0.3,424,343.44,1695,1695
Os162_S,Os162,Mix,Kurta,0.3,424,343.44,1695,1695
Os162_M,Os162,Mix,Kurta,0.3,424,343.44,1695,1695
Os162_L,Os162,Mix,Kurta,0.3,424,343.44,1695,1695
Os162_XL,Os162,Mix,Kurta,0.3,424,343.44,1695,1695
Os162_2XL,Os162,Mix,Kurta,0.3,424,343.44,1695,1695
Os162_3XL,Os162,Mix,Kurta,0.3,424,343.44,1695,1695
Os110_14253_S,Os110_14253,Mix,Kurta,0.3,381,308.61,1595,1595
Os110_14253_M,Os110_14253,Mix,Kurta,0.3,381,308.61,1595,1595
Os110_14253_L,Os110_14253,Mix,Kurta,0.3,381,308.61,1595,1595
Os110_14253_XL,Os110_14253,Mix,Kurta,0.3,381,308.61,1595,1595
Os110_14253_2XL,Os110_14253,Mix,Kurta,0.3,381,308.61,1595,1595
Os110_14253_3XL,Os110_14253,Mix,Kurta,0.3,381,308.61,1595,1595
Os117_3063_S,Os117_3063,Mix,Kurta,0.3,381,308.61,1595,1595
Os117_3063_M,Os117_3063,Mix,Kurta,0.3,381,308.61,1595,1595
Os117_3063_L,Os117_3063,Mix,Kurta,0.3,381,308.61,1595,1595
Os117_3063_XL,Os117_3063,Mix,Kurta,0.3,381,308.61,1595,1595
Os117_3063_2XL,Os117_3063,Mix,Kurta,0.3,381,308.61,1595,1595
Os117_3063_3XL,Os117_3063,Mix,Kurta,0.3,381,308.61,1595,1595
Os122_1736_S,Os122_1736,Mix,Kurta,0.3,471,381.51,1895,1895
Os122_1736_M,Os122_1736,Mix,Kurta,0.3,471,381.51,1895,1895
Os122_1736_L,Os122_1736,Mix,Kurta,0.3,471,381.51,1895,1895
Os122_1736_XL,Os122_1736,Mix,Kurta,0.3,471,381.51,1895,1895
Os122_1736_2XL,Os122_1736,Mix,Kurta,0.3,471,381.51,1895,1895
Os122_1736_3XL,Os122_1736,Mix,Kurta,0.3,471,381.51,1895,1895
Os119_3094_S,Os119_3094,Mix,Kurta,0.3,471,381.51,1895,1895
Os119_3094_M,Os119_3094,Mix,Kurta,0.3,471,381.51,1895,1895
Os119_3094_L,Os119_3094,Mix,Kurta,0.3,471,381.51,1895,1895
Os119_3094_XL,Os119_3094,Mix,Kurta,0.3,471,381.51,1895,1895
Os119_3094_2XL,Os119_3094,Mix,Kurta,0.3,471,381.51,1895,1895
Os119_3094_3XL,Os119_3094,Mix,Kurta,0.3,471,381.51,1895,1895
Os120_14412_S,Os120_14412,Mix,Kurta,0.3,471,381.51,1895,1895
Os120_14412_M,Os120_14412,Mix,Kurta,0.3,471,381.51,1895,1895
Os120_14412_L,Os120_14412,Mix,Kurta,0.3,471,381.51,1895,1895
Os120_14412_XL,Os120_14412,Mix,Kurta,0.3,471,381.51,1895,1895
Os120_14412_2XL,Os120_14412,Mix,Kurta,0.3,471,381.51,1895,1895
Os120_14412_3XL,Os120_14412,Mix,Kurta,0.3,471,381.51,1895,1895
Os126_14249_S,Os126_14249,Mix,Kurta,0.3,381,308.61,1595,1595
Os126_14249_M,Os126_14249,Mix,Kurta,0.3,381,308.61,1595,1595
Os126_14249_L,Os126_14249,Mix,Kurta,0.3,381,308.61,1595,1595
Os126_14249_XL,Os126_14249,Mix,Kurta,0.3,381,308.61,1595,1595
Os126_14249_2XL,Os126_14249,Mix,Kurta,0.3,381,308.61,1595,1595
Os126_14249_3XL,Os126_14249,Mix,Kurta,0.3,381,308.61,1595,1595
Os132_1866_S,Os132_1866,Mix,Kurta,0.3,286,231.66,1195,1195
Os132_1866_M,Os132_1866,Mix,Kurta,0.3,286,231.66,1195,1195
Os132_1866_L,Os132_1866,Mix,Kurta,0.3,286,231.66,1195,1195
Os132_1866_XL,Os132_1866,Mix,Kurta,0.3,286,231.66,1195,1195
Os132_1866_2XL,Os132_1866,Mix,Kurta,0.3,286,231.66,1195,1195
Os132_1866_3XL,Os132_1866,Mix,Kurta,0.3,286,231.66,1195,1195
Os116_14254_S,Os116_14254,Mix,Kurta,0.3,381,308.61,1595,1595
Os116_14254_M,Os116_14254,Mix,Kurta,0.3,381,308.61,1595,1595
Os116_14254_L,Os116_14254,Mix,Kurta,0.3,381,308.61,1595,1595
Os116_14254_XL,Os116_14254,Mix,Kurta,0.3,381,308.61,1595,1595
Os116_14254_2XL,Os116_14254,Mix,Kurta,0.3,381,308.61,1595,1595
Os116_14254_3XL,Os116_14254,Mix,Kurta,0.3,381,308.61,1595,1595
Os113_3090_S,Os113_3090,Mix,Kurta,0.3,500,405.00,1995,1995
Os113_3090_M,Os113_3090,Mix,Kurta,0.3,500,405.00,1995,1995
Os113_3090_L,Os113_3090,Mix,Kurta,0.3,500,405.00,1995,1995
Os113_3090_XL,Os113_3090,Mix,Kurta,0.3,500,405.00,1995,1995
Os113_3090_2XL,Os113_3090,Mix,Kurta,0.3,500,405.00,1995,1995
Os113_3090_3XL,Os113_3090,Mix,Kurta,0.3,500,405.00,1995,1995
Os111_3074_S,Os111_3074,Mix,Kurta,0.3,471,381.51,1895,1895
Os111_3074_M,Os111_3074,Mix,Kurta,0.3,471,381.51,1895,1895
Os111_3074_L,Os111_3074,Mix,Kurta,0.3,471,381.51,1895,1895
Os111_3074_XL,Os111_3074,Mix,Kurta,0.3,471,381.51,1895,1895
Os111_3074_2XL,Os111_3074,Mix,Kurta,0.3,471,381.51,1895,1895
Os111_3074_3XL,Os111_3074,Mix,Kurta,0.3,471,381.51,1895,1895
Os123_1332_S,Os123_1332,Mix,Kurta,0.3,381,308.61,1595,1595
Os123_1332_M,Os123_1332,Mix,Kurta,0.3,381,308.61,1595,1595
Os123_1332_L,Os123_1332,Mix,Kurta,0.3,381,308.61,1595,1595
Os123_1332_XL,Os123_1332,Mix,Kurta,0.3,381,308.61,1595,1595
Os123_1332_2XL,Os123_1332,Mix,Kurta,0.3,381,308.61,1595,1595
Os123_1332_3XL,Os123_1332,Mix,Kurta,0.3,381,308.61,1595,1595
Os141_1331_S,Os141_1331,Mix,Kurta,0.3,381,308.61,1595,1595
Os141_1331_M,Os141_1331,Mix,Kurta,0.3,381,308.61,1595,1595
Os141_1331_L,Os141_1331,Mix,Kurta,0.3,381,308.61,1595,1595
Os141_1331_XL,Os141_1331,Mix,Kurta,0.3,381,308.61,1595,1595
Os141_1331_2XL,Os141_1331,Mix,Kurta,0.3,381,308.61,1595,1595
Os141_1331_3XL,Os141_1331,Mix,Kurta,0.3,381,308.61,1595,1595
Os102_14255_S,Os102_14255,Mix,Kurta,0.3,381,308.61,1595,1595
Os102_14255_M,Os102_14255,Mix,Kurta,0.3,381,308.61,1595,1595
Os102_14255_L,Os102_14255,Mix,Kurta,0.3,381,308.61,1595,1595
Os102_14255_XL,Os102_14255,Mix,Kurta,0.3,381,308.61,1595,1595
Os102_14255_2XL,Os102_14255,Mix,Kurta,0.3,381,308.61,1595,1595
Os102_14255_3XL,Os102_14255,Mix,Kurta,0.3,381,308.61,1595,1595
Os104_1276_S,Os104_1276,Mix,Kurta,0.3,381,308.61,1595,1595
Os104_1276_M,Os104_1276,Mix,Kurta,0.3,381,308.61,1595,1595
Os104_1276_L,Os104_1276,Mix,Kurta,0.3,381,308.61,1595,1595
Os104_1276_XL,Os104_1276,Mix,Kurta,0.3,381,308.61,1595,1595
Os104_1276_2XL,Os104_1276,Mix,Kurta,0.3,381,308.61,1595,1595
Os104_1276_3XL,Os104_1276,Mix,Kurta,0.3,381,308.61,1595,1595
Os106_14213_S,Os106_14213,Mix,Kurta,0.3,581,470.61,2395,2395
Os106_14213_M,Os106_14213,Mix,Kurta,0.3,581,470.61,2395,2395
Os106_14213_L,Os106_14213,Mix,Kurta,0.3,581,470.61,2395,2395
Os106_14213_XL,Os106_14213,Mix,Kurta,0.3,581,470.61,2395,2395
Os106_14213_2XL,Os106_14213,Mix,Kurta,0.3,581,470.61,2395,2395
Os106_14213_3XL,Os106_14213,Mix,Kurta,0.3,581,470.61,2395,2395
Os105_3062_S,Os105_3062,Mix,Kurta,0.3,381,308.61,1595,1595
Os105_3062_M,Os105_3062,Mix,Kurta,0.3,381,308.61,1595,1595
Os105_3062_L,Os105_3062,Mix,Kurta,0.3,381,308.61,1595,1595
Os105_3062_XL,Os105_3062,Mix,Kurta,0.3,381,308.61,1595,1595
Os105_3062_2XL,Os105_3062,Mix,Kurta,0.3,381,308.61,1595,1595
Os105_3062_3XL,Os105_3062,Mix,Kurta,0.3,381,308.61,1595,1595
Os109_3095_S,Os109_3095,Mix,Kurta,0.3,471,381.51,1895,1895
Os109_3095_M,Os109_3095,Mix,Kurta,0.3,471,381.51,1895,1895
Os109_3095_L,Os109_3095,Mix,Kurta,0.3,471,381.51,1895,1895
Os109_3095_XL,Os109_3095,Mix,Kurta,0.3,471,381.51,1895,1895
Os109_3095_2XL,Os109_3095,Mix,Kurta,0.3,471,381.51,1895,1895
Os109_3095_3XL,Os109_3095,Mix,Kurta,0.3,471,381.51,1895,1895
Os173_3090_S,Os173_3090,Mix,Kurta,0.3,457,370.17,1895,1895
Os173_3090_M,Os173_3090,Mix,Kurta,0.3,457,370.17,1895,1895
Os173_3090_L,Os173_3090,Mix,Kurta,0.3,457,370.17,1895,1895
Os173_3090_XL,Os173_3090,Mix,Kurta,0.3,457,370.17,1895,1895
Os173_3090_2XL,Os173_3090,Mix,Kurta,0.3,457,370.17,1895,1895
Os173_3090_3XL,Os173_3090,Mix,Kurta,0.3,457,370.17,1895,1895
Os187_5073_S,Os187_5073,Mix,Kurta,0.3,424,343.44,1695,1695
Os187_5073_M,Os187_5073,Mix,Kurta,0.3,424,343.44,1695,1695
Os187_5073_L,Os187_5073,Mix,Kurta,0.3,424,343.44,1695,1695
Os187_5073_XL,Os187_5073,Mix,Kurta,0.3,424,343.44,1695,1695
Os187_5073_2XL,Os187_5073,Mix,Kurta,0.3,424,343.44,1695,1695
Os187_5073_3XL,Os187_5073,Mix,Kurta,0.3,424,343.44,1695,1695
Os215_5072_S,Os215_5072,Mix,Kurta,0.3,424,343.44,1695,1695
Os215_5072_M,Os215_5072,Mix,Kurta,0.3,424,343.44,1695,1695
Os215_5072_L,Os215_5072,Mix,Kurta,0.3,424,343.44,1695,1695
Os215_5072_XL,Os215_5072,Mix,Kurta,0.3,424,343.44,1695,1695
Os215_5072_2XL,Os215_5072,Mix,Kurta,0.3,424,343.44,1695,1695
Os215_5072_3XL,Os215_5072,Mix,Kurta,0.3,424,343.44,1695,1695
Os103_4171_S,Os103_4171,Mix,Kurta,0.3,500,405.00,1995,1995
Os103_4171_XS,Os103_4171,Mix,Kurta,0.3,500,405.00,1995,1995
Os103_4171_M,Os103_4171,Mix,Kurta,0.3,500,405.00,1995,1995
Os103_4171_L,Os103_4171,Mix,Kurta,0.3,500,405.00,1995,1995
Os103_4171_XL,Os103_4171,Mix,Kurta,0.3,500,405.00,1995,1995
Os103_4171_2XL,Os103_4171,Mix,Kurta,0.3,500,405.00,1995,1995
Os103_4171_3XL,Os103_4171,Mix,Kurta,0.3,500,405.00,1995,1995
Os216_3095_M,Os216_3095,Mix,Kurta,0.3,457,370.17,1895,1895
Os216_3095_S,Os216_3095,Mix,Kurta,0.3,457,370.17,1895,1895
Os216_3095_L,Os216_3095,Mix,Kurta,0.3,457,370.17,1895,1895
Os216_3095_XL,Os216_3095,Mix,Kurta,0.3,457,370.17,1895,1895
Os216_3095_2XL,Os216_3095,Mix,Kurta,0.3,457,370.17,1895,1895
Os216_3095_3XL,Os216_3095,Mix,Kurta,0.3,457,370.17,1895,1895
Os217_5071_S,Os217_5071,Mix,Kurta,0.3,424,343.44,1695,1695
Os217_5071_M,Os217_5071,Mix,Kurta,0.3,424,343.44,1695,1695
Os217_5071_L,Os217_5071,Mix,Kurta,0.3,424,343.44,1695,1695
Os217_5071_XL,Os217_5071,Mix,Kurta,0.3,424,343.44,1695,1695
Os217_5071_2XL,Os217_5071,Mix,Kurta,0.3,424,343.44,1695,1695
Os217_5071_3XL,Os217_5071,Mix,Kurta,0.3,424,343.44,1695,1695
Os152_S,Os152,Mix,Kurta,0.3,425,344.25,1795,1795
Os152_M,Os152,Mix,Kurta,0.3,425,344.25,1795,1795
Os152_L,Os152,Mix,Kurta,0.3,425,344.25,1795,1795
Os152_XL,Os152,Mix,Kurta,0.3,425,344.25,1795,1795
Os152_2XL,Os152,Mix,Kurta,0.3,425,344.25,1795,1795
Os152_3XL,Os152,Mix,Kurta,0.3,425,344.25,1795,1795
Os149_S,Os149,Mix,Kurta,0.3,425,344.25,1795,1795
Os149_M,Os149,Mix,Kurta,0.3,425,344.25,1795,1795
Os149_L,Os149,Mix,Kurta,0.3,425,344.25,1795,1795
Os149_XL,Os149,Mix,Kurta,0.3,425,344.25,1795,1795
Os149_2XL,Os149,Mix,Kurta,0.3,425,344.25,1795,1795
Os149_3XL,Os149,Mix,Kurta,0.3,425,344.25,1795,1795
Os221_S,Os221,Mix,Kurta,0.3,425,344.25,1795,1795
Os221_M,Os221,Mix,Kurta,0.3,425,344.25,1795,1795
Os221_L,Os221,Mix,Kurta,0.3,425,344.25,1795,1795
Os221_XL,Os221,Mix,Kurta,0.3,425,344.25,1795,1795
Os221_2XL,Os221,Mix,Kurta,0.3,425,344.25,1795,1795
Os221_3XL,Os221,Mix,Kurta,0.3,425,344.25,1795,1795
Os153_S,Os153,Mix,Kurta,0.3,395,319.95,1695,1695
Os153_M,Os153,Mix,Kurta,0.3,395,319.95,1695,1695
Os153_L,Os153,Mix,Kurta,0.3,395,319.95,1695,1695
Os153_XL,Os153,Mix,Kurta,0.3,395,319.95,1695,1695
Os153_2XL,Os153,Mix,Kurta,0.3,395,319.95,1695,1695
Os153_3XL,Os153,Mix,Kurta,0.3,395,319.95,1695,1695
Os158_S,Os158,Mix,Kurta,0.3,395,319.95,1695,1695
Os158_M,Os158,Mix,Kurta,0.3,395,319.95,1695,1695
Os158_L,Os158,Mix,Kurta,0.3,395,319.95,1695,1695
Os158_XL,Os158,Mix,Kurta,0.3,395,319.95,1695,1695
Os158_2XL,Os158,Mix,Kurta,0.3,395,319.95,1695,1695
Os158_3XL,Os158,Mix,Kurta,0.3,395,319.95,1695,1695
Os150_S,Os150,Mix,Kurta,0.3,395,319.95,1695,1695
Os150_M,Os150,Mix,Kurta,0.3,395,319.95,1695,1695
Os150_L,Os150,Mix,Kurta,0.3,395,319.95,1695,1695
Os150_XL,Os150,Mix,Kurta,0.3,395,319.95,1695,1695
Os150_2XL,Os150,Mix,Kurta,0.3,395,319.95,1695,1695
Os150_3XL,Os150,Mix,Kurta,0.3,395,319.95,1695,1695
Os148_S,Os148,Mix,Kurta,0.3,395,319.95,1695,1695
Os148_M,Os148,Mix,Kurta,0.3,395,319.95,1695,1695
Os148_L,Os148,Mix,Kurta,0.3,395,319.95,1695,1695
Os148_XL,Os148,Mix,Kurta,0.3,395,319.95,1695,1695
Os148_2XL,Os148,Mix,Kurta,0.3,395,319.95,1695,1695
Os148_3XL,Os148,Mix,Kurta,0.3,395,319.95,1695,1695
Os154_S,Os154,Mix,Kurta,0.3,395,319.95,1695,1695
Os154_M,Os154,Mix,Kurta,0.3,395,319.95,1695,1695
Os154_L,Os154,Mix,Kurta,0.3,395,319.95,1695,1695
Os154_XL,Os154,Mix,Kurta,0.3,395,319.95,1695,1695
Os154_2XL,Os154,Mix,Kurta,0.3,395,319.95,1695,1695
Os154_3XL,Os154,Mix,Kurta,0.3,395,319.95,1695,1695
Os164_S,Os164,Mix,Kurta,0.3,395,319.95,1695,1695
Os164_M,Os164,Mix,Kurta,0.3,395,319.95,1695,1695
Os164_L,Os164,Mix,Kurta,0.3,395,319.95,1695,1695
Os164_XL,Os164,Mix,Kurta,0.3,395,319.95,1695,1695
Os164_2XL,Os164,Mix,Kurta,0.3,395,319.95,1695,1695
Os164_3XL,Os164,Mix,Kurta,0.3,395,319.95,1695,1695
Os168_S,Os168,Mix,Kurta,0.3,395,319.95,1695,1695
Os168_M,Os168,Mix,Kurta,0.3,395,319.95,1695,1695
Os168_L,Os168,Mix,Kurta,0.3,395,319.95,1695,1695
Os168_XL,Os168,Mix,Kurta,0.3,395,319.95,1695,1695
Os168_2XL,Os168,Mix,Kurta,0.3,395,319.95,1695,1695
Os168_3XL,Os168,Mix,Kurta,0.3,395,319.95,1695,1695
Os157_S,Os157,Mix,Kurta,0.3,425,344.25,1795,1795
Os157_M,Os157,Mix,Kurta,0.3,425,344.25,1795,1795
Os157_L,Os157,Mix,Kurta,0.3,425,344.25,1795,1795
Os157_XL,Os157,Mix,Kurta,0.3,425,344.25,1795,1795
Os157_2XL,Os157,Mix,Kurta,0.3,425,344.25,1795,1795
Os157_3XL,Os157,Mix,Kurta,0.3,425,344.25,1795,1795
Os167_XS,Os167,Mix,Kurta,0.3,395,319.95,1695,1695
Os167_S,Os167,Mix,Kurta,0.3,395,319.95,1695,1695
Os167_M,Os167,Mix,Kurta,0.3,395,319.95,1695,1695
Os167_L,Os167,Mix,Kurta,0.3,395,319.95,1695,1695
Os167_XL,Os167,Mix,Kurta,0.3,395,319.95,1695,1695
Os167_2XL,Os167,Mix,Kurta,0.3,395,319.95,1695,1695
Os167_3XL,Os167,Mix,Kurta,0.3,395,319.95,1695,1695
Os161_S,Os161,Mix,Kurta,0.3,395,319.95,1695,1695
Os161_M,Os161,Mix,Kurta,0.3,395,319.95,1695,1695
Os161_L,Os161,Mix,Kurta,0.3,395,319.95,1695,1695
Os161_XL,Os161,Mix,Kurta,0.3,395,319.95,1695,1695
Os161_2XL,Os161,Mix,Kurta,0.3,395,319.95,1695,1695
Os161_3XL,Os161,Mix,Kurta,0.3,395,319.95,1695,1695
Os135_14274_S,Os135_14274,Mix,Gown,0.4,695,562.95,2795,2795
Os135_14274_M,Os135_14274,Mix,Gown,0.4,695,562.95,2795,2795
Os135_14274_L,Os135_14274,Mix,Gown,0.4,695,562.95,2795,2795
Os135_14274_XL,Os135_14274,Mix,Gown,0.4,695,562.95,2795,2795
Os135_14274_2XL,Os135_14274,Mix,Gown,0.4,695,562.95,2795,2795
Os137_14380_S,Os137_14380,Mix,Gown,0.4,695,562.95,2795,2795
Os137_14380_M,Os137_14380,Mix,Gown,0.4,695,562.95,2795,2795
Os137_14380_L,Os137_14380,Mix,Gown,0.4,695,562.95,2795,2795
Os137_14380_XL,Os137_14380,Mix,Gown,0.4,695,562.95,2795,2795
Os137_14380_2XL,Os137_14380,Mix,Gown,0.4,695,562.95,2795,2795
Os138_14206_S,Os138_14206,Mix,Gown,0.4,695,562.95,2795,2795
Os138_14206_M,Os138_14206,Mix,Gown,0.4,695,562.95,2795,2795
Os138_14206_L,Os138_14206,Mix,Gown,0.4,695,562.95,2795,2795
Os138_14206_XL,Os138_14206,Mix,Gown,0.4,695,562.95,2795,2795
Os138_14206_2XL,Os138_14206,Mix,Gown,0.4,695,562.95,2795,2795
Os139_14275_S,Os139_14275,Mix,Gown,0.4,695,562.95,2795,2795
Os139_14275_M,Os139_14275,Mix,Gown,0.4,695,562.95,2795,2795
Os139_14275_L,Os139_14275,Mix,Gown,0.4,695,562.95,2795,2795
Os139_14275_XL,Os139_14275,Mix,Gown,0.4,695,562.95,2795,2795
Os139_14275_2XL,Os139_14275,Mix,Gown,0.4,695,562.95,2795,2795
Os254_15374_S,Os254_15374,Mix,Kurta,0.3,395,319.95,1695,1695
Os254_15374_M,Os254_15374,Mix,Kurta,0.3,395,319.95,1695,1695
Os254_15374_L,Os254_15374,Mix,Kurta,0.3,395,319.95,1695,1695
Os254_15374_XL,Os254_15374,Mix,Kurta,0.3,395,319.95,1695,1695
Os254_15374_2XL,Os254_15374,Mix,Kurta,0.3,395,319.95,1695,1695
Os254_15374_3XL,Os254_15374,Mix,Kurta,0.3,395,319.95,1695,1695
Os255_15375_S,Os255_15375,Mix,Kurta,0.3,395,319.95,1695,1695
Os255_15375_M,Os255_15375,Mix,Kurta,0.3,395,319.95,1695,1695
Os255_15375_L,Os255_15375,Mix,Kurta,0.3,395,319.95,1695,1695
Os255_15375_XL,Os255_15375,Mix,Kurta,0.3,395,319.95,1695,1695
Os255_15375_2XL,Os255_15375,Mix,Kurta,0.3,395,319.95,1695,1695
Os255_15375_3XL,Os255_15375,Mix,Kurta,0.3,395,319.95,1695,1695
Os256_15376_S,Os256_15376,Mix,Kurta,0.3,395,319.95,1695,1695
Os256_15376_M,Os256_15376,Mix,Kurta,0.3,395,319.95,1695,1695
Os256_15376_L,Os256_15376,Mix,Kurta,0.3,395,319.95,1695,1695
Os256_15376_XL,Os256_15376,Mix,Kurta,0.3,395,319.95,1695,1695
Os256_15376_2XL,Os256_15376,Mix,Kurta,0.3,395,319.95,1695,1695
Os256_15376_3XL,Os256_15376,Mix,Kurta,0.3,395,319.95,1695,1695
Os257_15377_S,Os257_15377,Mix,Kurta,0.3,395,319.95,1695,1695
Os257_15377_M,Os257_15377,Mix,Kurta,0.3,395,319.95,1695,1695
Os257_15377_L,Os257_15377,Mix,Kurta,0.3,395,319.95,1695,1695
Os257_15377_XL,Os257_15377,Mix,Kurta,0.3,395,319.95,1695,1695
Os257_15377_2XL,Os257_15377,Mix,Kurta,0.3,395,319.95,1695,1695
Os257_15377_3XL,Os257_15377,Mix,Kurta,0.3,395,319.95,1695,1695
Os258_15378_S,Os258_15378,Mix,Kurta,0.3,395,319.95,1695,1695
Os258_15378_M,Os258_15378,Mix,Kurta,0.3,395,319.95,1695,1695
Os258_15378_L,Os258_15378,Mix,Kurta,0.3,395,319.95,1695,1695
Os258_15378_XL,Os258_15378,Mix,Kurta,0.3,395,319.95,1695,1695
Os258_15378_2XL,Os258_15378,Mix,Kurta,0.3,395,319.95,1695,1695
Os258_15378_3XL,Os258_15378,Mix,Kurta,0.3,395,319.95,1695,1695
Os259_15379_S,Os259_15379,Mix,Kurta,0.3,395,319.95,1695,1695
Os259_15379_M,Os259_15379,Mix,Kurta,0.3,395,319.95,1695,1695
Os259_15379_L,Os259_15379,Mix,Kurta,0.3,395,319.95,1695,1695
Os259_15379_XL,Os259_15379,Mix,Kurta,0.3,395,319.95,1695,1695
Os259_15379_2XL,Os259_15379,Mix,Kurta,0.3,395,319.95,1695,1695
Os259_15379_3XL,Os259_15379,Mix,Kurta,0.3,395,319.95,1695,1695
Os260_15380_S,Os260_15380,Mix,Kurta,0.3,395,319.95,1695,1695
Os260_15380_M,Os260_15380,Mix,Kurta,0.3,395,319.95,1695,1695
Os260_15380_L,Os260_15380,Mix,Kurta,0.3,395,319.95,1695,1695
Os260_15380_XL,Os260_15380,Mix,Kurta,0.3,395,319.95,1695,1695
Os260_15380_2XL,Os260_15380,Mix,Kurta,0.3,395,319.95,1695,1695
Os260_15380_3XL,Os260_15380,Mix,Kurta,0.3,395,319.95,1695,1695
Os261_15381_S,Os261_15381,Mix,Kurta,0.3,395,319.95,1695,1695
Os261_15381_M,Os261_15381,Mix,Kurta,0.3,395,319.95,1695,1695
Os261_15381_L,Os261_15381,Mix,Kurta,0.3,395,319.95,1695,1695
Os261_15381_XL,Os261_15381,Mix,Kurta,0.3,395,319.95,1695,1695
Os261_15381_2XL,Os261_15381,Mix,Kurta,0.3,395,319.95,1695,1695
Os261_15381_3XL,Os261_15381,Mix,Kurta,0.3,395,319.95,1695,1695
Os263_15383_S,Os263_15383,Mix,Kurta,0.3,425,344.25,1795,1795
Os263_15383_M,Os263_15383,Mix,Kurta,0.3,425,344.25,1795,1795
Os263_15383_L,Os263_15383,Mix,Kurta,0.3,425,344.25,1795,1795
Os263_15383_XL,Os263_15383,Mix,Kurta,0.3,425,344.25,1795,1795
Os263_15383_2XL,Os263_15383,Mix,Kurta,0.3,425,344.25,1795,1795
Os263_15383_3XL,Os263_15383,Mix,Kurta,0.3,425,344.25,1795,1795
Os1076_S,Os1076,Surmaya,Kurta Set,0.4,1040,842.40,2495,2495
Os1076_M,Os1076,Surmaya,Kurta Set,0.4,1040,842.40,2495,2495
Os1076_L,Os1076,Surmaya,Kurta Set,0.4,1040,842.40,2495,2495
Os1076_XL,Os1076,Surmaya,Kurta Set,0.4,1040,842.40,2495,2495
Os1076_2XL,Os1076,Surmaya,Kurta Set,0.4,1040,842.40,2495,2495
Os1076_3XL,Os1076,Surmaya,Kurta Set,0.4,1040,842.40,2495,2495
Os1074_S,Os1074,Surmaya,Kurta Set,0.4,1040,842.40,2495,2495
Os1074_M,Os1074,Surmaya,Kurta Set,0.4,1040,842.40,2495,2495
Os1074_L,Os1074,Surmaya,Kurta Set,0.4,1040,842.40,2495,2495
Os1074_XL,Os1074,Surmaya,Kurta Set,0.4,1040,842.40,2495,2495
Os1074_2XL,Os1074,Surmaya,Kurta Set,0.4,1040,842.40,2495,2495
Os1074_3XL,Os1074,Surmaya,Kurta Set,0.4,1040,842.40,2495,2495
Os1060_S,Os1060,Surmaya,Kurta Set,0.4,950,769.50,2495,2495
Os1060_M,Os1060,Surmaya,Kurta Set,0.4,950,769.50,2495,2495
Os1060_L,Os1060,Surmaya,Kurta Set,0.4,950,769.50,2495,2495
Os1060_XL,Os1060,Surmaya,Kurta Set,0.4,950,769.50,2495,2495
Os1060_2XL,Os1060,Surmaya,Kurta Set,0.4,950,769.50,2495,2495
Os1060_3XL,Os1060,Surmaya,Kurta Set,0.4,950,769.50,2495,2495
Os1086_S,Os1086,Surmaya,Kurta Set,0.4,940,761.40,2150,2150
Os1086_M,Os1086,Surmaya,Kurta Set,0.4,940,761.40,2150,2150
Os1086_L,Os1086,Surmaya,Kurta Set,0.4,940,761.40,2150,2150
Os1086_XL,Os1086,Surmaya,Kurta Set,0.4,940,761.40,2150,2150
Os1086_2XL,Os1086,Surmaya,Kurta Set,0.4,940,761.40,2150,2150
Os1086_3XL,Os1086,Surmaya,Kurta Set,0.4,940,761.40,2150,2150
Os1087_S,Os1087,Surmaya,Kurta Set,0.4,925,749.25,2250,2250
Os1087_M,Os1087,Surmaya,Kurta Set,0.4,925,749.25,2250,2250
Os1087_L,Os1087,Surmaya,Kurta Set,0.4,925,749.25,2250,2250
Os1087_XL,Os1087,Surmaya,Kurta Set,0.4,925,749.25,2250,2250
Os1087_2XL,Os1087,Surmaya,Kurta Set,0.4,925,749.25,2250,2250
Os1087_3XL,Os1087,Surmaya,Kurta Set,0.4,925,749.25,2250,2250
Os1051_S,Os1051,Surmaya,Kurta Set,0.4,900,729.00,1995,1995
Os1051_M,Os1051,Surmaya,Kurta Set,0.4,900,729.00,1995,1995
Os1051_L,Os1051,Surmaya,Kurta Set,0.4,900,729.00,1995,1995
Os1051_XL,Os1051,Surmaya,Kurta Set,0.4,900,729.00,1995,1995
Os1051_2XL,Os1051,Surmaya,Kurta Set,0.4,900,729.00,1995,1995
Os1051_3XL,Os1051,Surmaya,Kurta Set,0.4,900,729.00,1995,1995
Os1137_S,Os1137,Surmaya,Kurta Set,0.4,1150,931.50,2695,2695
Os1137_M,Os1137,Surmaya,Kurta Set,0.4,1150,931.50,2695,2695
Os1137_L,Os1137,Surmaya,Kurta Set,0.4,1150,931.50,2695,2695
Os1137_XL,Os1137,Surmaya,Kurta Set,0.4,1150,931.50,2695,2695
Os1137_2XL,Os1137,Surmaya,Kurta Set,0.4,1150,931.50,2695,2695
Os1137_3XL,Os1137,Surmaya,Kurta Set,0.4,1150,931.50,2695,2695
Os1144_S,Os1144,Surmaya,Kurta Set,0.4,1150,931.50,2695,2695
Os1144_M,Os1144,Surmaya,Kurta Set,0.4,1150,931.50,2695,2695
Os1144_L,Os1144,Surmaya,Kurta Set,0.4,1150,931.50,2695,2695
Os1144_XL,Os1144,Surmaya,Kurta Set,0.4,1150,931.50,2695,2695
Os1144_2XL,Os1144,Surmaya,Kurta Set,0.4,1150,931.50,2695,2695
Os1144_3XL,Os1144,Surmaya,Kurta Set,0.4,1150,931.50,2695,2695
Os1106_S,Os1106,Surmaya,Kurta Set,0.4,910,737.10,2150,2150
Os1106_M,Os1106,Surmaya,Kurta Set,0.4,910,737.10,2150,2150
Os1106_L,Os1106,Surmaya,Kurta Set,0.4,910,737.10,2150,2150
Os1106_XL,Os1106,Surmaya,Kurta Set,0.4,910,737.10,2150,2150
Os1106_2XL,Os1106,Surmaya,Kurta Set,0.4,910,737.10,2150,2150
Os1106_3XL,Os1106,Surmaya,Kurta Set,0.4,910,737.10,2150,2150
Os147_15288_XS,Os147_15288,Mix,Tops,0.2,361,292.41,1595,1595
Os147_15288_S,Os147_15288,Mix,Tops,0.2,361,292.41,1595,1595
Os147_15288_M,Os147_15288,Mix,Tops,0.2,361,292.41,1595,1595
Os147_15288_L,Os147_15288,Mix,Tops,0.2,361,292.41,1595,1595
Os147_15288_XL,Os147_15288,Mix,Tops,0.2,361,292.41,1595,1595
Os213_15284_XS,Os213_15284,Mix,Tops,0.2,375,303.75,1695,1695
Os213_15284_S,Os213_15284,Mix,Tops,0.2,375,303.75,1695,1695
Os213_15284_M,Os213_15284,Mix,Tops,0.2,375,303.75,1695,1695
Os213_15284_L,Os213_15284,Mix,Tops,0.2,375,303.75,1695,1695
Os213_15284_XL,Os213_15284,Mix,Tops,0.2,375,303.75,1695,1695
Os169_S,Os169,Mix,Kurta,0.3,435,352.35,1795,1795
Os169_M,Os169,Mix,Kurta,0.3,435,352.35,1795,1795
Os169_L,Os169,Mix,Kurta,0.3,435,352.35,1795,1795
Os169_XL,Os169,Mix,Kurta,0.3,435,352.35,1795,1795
Os169_2XL,Os169,Mix,Kurta,0.3,435,352.35,1795,1795
Os169_3XL,Os169,Mix,Kurta,0.3,435,352.35,1795,1795
Os142_XS,Os142,Mix,Tops,0.2,395,319.95,1695,1695
Os142_S,Os142,Mix,Tops,0.2,395,319.95,1695,1695
Os142_M,Os142,Mix,Tops,0.2,395,319.95,1695,1695
Os142_L,Os142,Mix,Tops,0.2,395,319.95,1695,1695
Os142_XL,Os142,Mix,Tops,0.2,395,319.95,1695,1695
Os144_XS,Os144,Mix,Tops,0.2,425,344.25,1795,1795
Os144_S,Os144,Mix,Tops,0.2,425,344.25,1795,1795
Os144_M,Os144,Mix,Tops,0.2,425,344.25,1795,1795
Os144_L,Os144,Mix,Tops,0.2,425,344.25,1795,1795
Os144_XL,Os144,Mix,Tops,0.2,425,344.25,1795,1795
Os145_XS,Os145,Mix,Tops,0.2,450,364.50,1895,1895
Os145_S,Os145,Mix,Tops,0.2,450,364.50,1895,1895
Os145_M,Os145,Mix,Tops,0.2,450,364.50,1895,1895
Os145_L,Os145,Mix,Tops,0.2,450,364.50,1895,1895
Os145_XL,Os145,Mix,Tops,0.2,450,364.50,1895,1895
Os146_XS,Os146,Mix,Tops,0.2,415,336.15,1795,1795
Os146_S,Os146,Mix,Tops,0.2,415,336.15,1795,1795
Os146_M,Os146,Mix,Tops,0.2,415,336.15,1795,1795
Os146_L,Os146,Mix,Tops,0.2,415,336.15,1795,1795
Os146_XL,Os146,Mix,Tops,0.2,415,336.15,1795,1795
Os1111_S,Os1111,Surmaya,Kurta Set,0.4,825,668.25,1895,1895
Os1111_M,Os1111,Surmaya,Kurta Set,0.4,825,668.25,1895,1895
Os1111_L,Os1111,Surmaya,Kurta Set,0.4,825,668.25,1895,1895
Os1111_XL,Os1111,Surmaya,Kurta Set,0.4,825,668.25,1895,1895
Os1111_2XL,Os1111,Surmaya,Kurta Set,0.4,825,668.25,1895,1895
Os1111_3XL,Os1111,Surmaya,Kurta Set,0.4,825,668.25,1895,1895
Os1071_S,Os1071,Surmaya,Kurta Set,0.4,950,769.50,2495,2495
Os1071_M,Os1071,Surmaya,Kurta Set,0.4,950,769.50,2495,2495
Os1071_L,Os1071,Surmaya,Kurta Set,0.4,950,769.50,2495,2495
Os1071_XL,Os1071,Surmaya,Kurta Set,0.4,950,769.50,2495,2495
Os1071_2XL,Os1071,Surmaya,Kurta Set,0.4,950,769.50,2495,2495
Os1071_3XL,Os1071,Surmaya,Kurta Set,0.4,950,769.50,2495,2495
Os1081_S,Os1081,Surmaya,Kurta Set,0.4,895,724.95,2195,2195
Os1081_M,Os1081,Surmaya,Kurta Set,0.4,895,724.95,2195,2195
Os1081_L,Os1081,Surmaya,Kurta Set,0.4,895,724.95,2195,2195
Os1081_XL,Os1081,Surmaya,Kurta Set,0.4,895,724.95,2195,2195
Os1081_2XL,Os1081,Surmaya,Kurta Set,0.4,895,724.95,2195,2195
Os1081_3XL,Os1081,Surmaya,Kurta Set,0.4,895,724.95,2195,2195
Os1088_S,Os1088,Surmaya,Kurta Set,0.4,875,708.75,2050,2050
Os1088_M,Os1088,Surmaya,Kurta Set,0.4,875,708.75,2050,2050
Os1088_L,Os1088,Surmaya,Kurta Set,0.4,875,708.75,2050,2050
Os1088_XL,Os1088,Surmaya,Kurta Set,0.4,875,708.75,2050,2050
Os1088_2XL,Os1088,Surmaya,Kurta Set,0.4,875,708.75,2050,2050
Os1088_3XL,Os1088,Surmaya,Kurta Set,0.4,875,708.75,2050,2050
Os1084_S,Os1084,Surmaya,Kurta Set,0.4,1050,850.50,2395,2395
Os1084_M,Os1084,Surmaya,Kurta Set,0.4,1050,850.50,2395,2395
Os1084_L,Os1084,Surmaya,Kurta Set,0.4,1050,850.50,2395,2395
Os1084_XL,Os1084,Surmaya,Kurta Set,0.4,1050,850.50,2395,2395
Os1084_2XL,Os1084,Surmaya,Kurta Set,0.4,1050,850.50,2395,2395
Os1084_3XL,Os1084,Surmaya,Kurta Set,0.4,1050,850.50,2395,2395
Os1120_S,Os1120,Surmaya,Kurta Set,0.4,510,413.10,1895,1895
Os1120_M,Os1120,Surmaya,Kurta Set,0.4,510,413.10,1895,1895
Os1120_L,Os1120,Surmaya,Kurta Set,0.4,510,413.10,1895,1895
Os1120_XL,Os1120,Surmaya,Kurta Set,0.4,510,413.10,1895,1895
Os1120_2XL,Os1120,Surmaya,Kurta Set,0.4,510,413.10,1895,1895
Os1120_3XL,Os1120,Surmaya,Kurta Set,0.4,510,413.10,1895,1895
Os1097_S,Os1097,Surmaya,Kurta Set,0.4,825,668.25,1895,1895
Os1097_M,Os1097,Surmaya,Kurta Set,0.4,825,668.25,1895,1895
Os1097_L,Os1097,Surmaya,Kurta Set,0.4,825,668.25,1895,1895
Os1097_XL,Os1097,Surmaya,Kurta Set,0.4,825,668.25,1895,1895
Os1097_2XL,Os1097,Surmaya,Kurta Set,0.4,825,668.25,1895,1895
Os1097_3XL,Os1097,Surmaya,Kurta Set,0.4,825,668.25,1895,1895
Os1094_S,Os1094,Surmaya,Kurta Set,0.4,845,684.45,1995,1995
Os1094_M,Os1094,Surmaya,Kurta Set,0.4,845,684.45,1995,1995
Os1094_L,Os1094,Surmaya,Kurta Set,0.4,845,684.45,1995,1995
Os1094_XL,Os1094,Surmaya,Kurta Set,0.4,845,684.45,1995,1995
Os1094_2XL,Os1094,Surmaya,Kurta Set,0.4,845,684.45,1995,1995
Os1094_3XL,Os1094,Surmaya,Kurta Set,0.4,845,684.45,1995,1995
Os1064_S,Os1064,Surmaya,Kurta Set,0.4,695,562.95,1895,1895
Os1064_M,Os1064,Surmaya,Kurta Set,0.4,695,562.95,1895,1895
Os1064_L,Os1064,Surmaya,Kurta Set,0.4,695,562.95,1895,1895
Os1064_XL,Os1064,Surmaya,Kurta Set,0.4,695,562.95,1895,1895
Os1064_2XL,Os1064,Surmaya,Kurta Set,0.4,695,562.95,1895,1895
Os1064_3XL,Os1064,Surmaya,Kurta Set,0.4,695,562.95,1895,1895
Os1091_S,Os1091,Surmaya,Kurta Set,0.4,1140,923.40,2595,2595
Os1091_M,Os1091,Surmaya,Kurta Set,0.4,1140,923.40,2595,2595
Os1091_L,Os1091,Surmaya,Kurta Set,0.4,1140,923.40,2595,2595
Os1091_XL,Os1091,Surmaya,Kurta Set,0.4,1140,923.40,2595,2595
Os1091_2XL,Os1091,Surmaya,Kurta Set,0.4,1140,923.40,2595,2595
Os1091_3XL,Os1091,Surmaya,Kurta Set,0.4,1140,923.40,2595,2595
Os1090_S,Os1090,Surmaya,Kurta Set,0.4,980,793.80,2295,2295
Os1090_M,Os1090,Surmaya,Kurta Set,0.4,980,793.80,2295,2295
Os1090_L,Os1090,Surmaya,Kurta Set,0.4,980,793.80,2295,2295
Os1090_XL,Os1090,Surmaya,Kurta Set,0.4,980,793.80,2295,2295
Os1090_2XL,Os1090,Surmaya,Kurta Set,0.4,980,793.80,2295,2295
Os1090_3XL,Os1090,Surmaya,Kurta Set,0.4,980,793.80,2295,2295
Os1068_S,Os1068,Surmaya,Kurta Set,0.4,950,769.50,2495,2495
Os1068_M,Os1068,Surmaya,Kurta Set,0.4,950,769.50,2495,2495
Os1068_L,Os1068,Surmaya,Kurta Set,0.4,950,769.50,2495,2495
Os1068_XL,Os1068,Surmaya,Kurta Set,0.4,950,769.50,2495,2495
Os1068_2XL,Os1068,Surmaya,Kurta Set,0.4,950,769.50,2495,2495
Os1068_3XL,Os1068,Surmaya,Kurta Set,0.4,950,769.50,2495,2495
Os273_S,Os273,Four Gems 2,Kurta Set,0.4,680,550.80,2795,2795
Os273_M,Os273,Four Gems 2,Kurta Set,0.4,680,550.80,2795,2795
Os273_L,Os273,Four Gems 2,Kurta Set,0.4,680,550.80,2795,2795
Os273_XL,Os273,Four Gems 2,Kurta Set,0.4,680,550.80,2795,2795
Os273_2XL,Os273,Four Gems 2,Kurta Set,0.4,680,550.80,2795,2795
Os273_3XL,Os273,Four Gems 2,Kurta Set,0.4,680,550.80,2795,2795
Os272_S,Os272,Four Gems 2,Kurta Set,0.4,680,550.80,2795,2795
Os272_M,Os272,Four Gems 2,Kurta Set,0.4,680,550.80,2795,2795
Os272_L,Os272,Four Gems 2,Kurta Set,0.4,680,550.80,2795,2795
Os272_XL,Os272,Four Gems 2,Kurta Set,0.4,680,550.80,2795,2795
Os272_2XL,Os272,Four Gems 2,Kurta Set,0.4,680,550.80,2795,2795
Os272_3XL,Os272,Four Gems 2,Kurta Set,0.4,680,550.80,2795,2795
Os271_S,Os271,Four Gems 2,Kurta Set,0.4,680,550.80,2795,2795
Os271_M,Os271,Four Gems 2,Kurta Set,0.4,680,550.80,2795,2795
Os271_L,Os271,Four Gems 2,Kurta Set,0.4,680,550.80,2795,2795
Os271_XL,Os271,Four Gems 2,Kurta Set,0.4,680,550.80,2795,2795
Os271_2XL,Os271,Four Gems 2,Kurta Set,0.4,680,550.80,2795,2795
Os271_3XL,Os271,Four Gems 2,Kurta Set,0.4,680,550.80,2795,2795
Os270_S,Os270,Four Gems 2,Kurta Set,0.4,680,550.80,2795,2795
Os270_M,Os270,Four Gems 2,Kurta Set,0.4,680,550.80,2795,2795
Os270_L,Os270,Four Gems 2,Kurta Set,0.4,680,550.80,2795,2795
Os270_XL,Os270,Four Gems 2,Kurta Set,0.4,680,550.80,2795,2795
Os270_2XL,Os270,Four Gems 2,Kurta Set,0.4,680,550.80,2795,2795
Os270_3XL,Os270,Four Gems 2,Kurta Set,0.4,680,550.80,2795,2795
Os266_S,Os266,Mix,Kurta,0.3,425,344.25,1995,1995
Os266_M,Os266,Mix,Kurta,0.3,425,344.25,1995,1995
Os266_L,Os266,Mix,Kurta,0.3,425,344.25,1995,1995
Os266_XL,Os266,Mix,Kurta,0.3,425,344.25,1995,1995
Os266_2XL,Os266,Mix,Kurta,0.3,425,344.25,1995,1995
Os266_3XL,Os266,Mix,Kurta,0.3,425,344.25,1995,1995
Os151_S,Os151,Mix,Kurta,0.3,425,344.25,1995,1995
Os151_M,Os151,Mix,Kurta,0.3,425,344.25,1995,1995
Os151_L,Os151,Mix,Kurta,0.3,425,344.25,1995,1995
Os151_XL,Os151,Mix,Kurta,0.3,425,344.25,1995,1995
Os151_2XL,Os151,Mix,Kurta,0.3,425,344.25,1995,1995
Os151_3XL,Os151,Mix,Kurta,0.3,425,344.25,1995,1995
Os163_S,Os163,Mix,Kurta,0.3,425,344.25,1995,1995
Os163_M,Os163,Mix,Kurta,0.3,425,344.25,1995,1995
Os163_L,Os163,Mix,Kurta,0.3,425,344.25,1995,1995
Os163_XL,Os163,Mix,Kurta,0.3,425,344.25,1995,1995
Os163_2XL,Os163,Mix,Kurta,0.3,425,344.25,1995,1995
Os163_3XL,Os163,Mix,Kurta,0.3,425,344.25,1995,1995
Os269_S,Os269,Mix,Kurta,0.3,220,178.20,1195,1195
Os269_M,Os269,Mix,Kurta,0.3,220,178.20,1195,1195
Os269_L,Os269,Mix,Kurta,0.3,220,178.20,1195,1195
Os269_XL,Os269,Mix,Kurta,0.3,220,178.20,1195,1195
Os269_2XL,Os269,Mix,Kurta,0.3,220,178.20,1195,1195
Os1126_S,Os1126,Surmaya,Kurta,0.3,525,425.25,1250,1250
Os1126_M,Os1126,Surmaya,Kurta,0.3,525,425.25,1250,1250
Os1126_L,Os1126,Surmaya,Kurta,0.3,525,425.25,1250,1250
Os1126_XL,Os1126,Surmaya,Kurta,0.3,525,425.25,1250,1250
Os1126_2XL,Os1126,Surmaya,Kurta,0.3,525,425.25,1250,1250
Os1126_3XL,Os1126,Surmaya,Kurta,0.3,525,425.25,1250,1250
Os1061_S,Os1061,Surmaya,Kurta Set,0.4,880,712.80,1895,1895
Os1061_M,Os1061,Surmaya,Kurta Set,0.4,880,712.80,1895,1895
Os1061_L,Os1061,Surmaya,Kurta Set,0.4,880,712.80,1895,1895
Os1061_XL,Os1061,Surmaya,Kurta Set,0.4,880,712.80,1895,1895
Os1061_2XL,Os1061,Surmaya,Kurta Set,0.4,880,712.80,1895,1895
Os1061_3XL,Os1061,Surmaya,Kurta Set,0.4,880,712.80,1895,1895
Os262_S,Os262,Mix,Kurta,0.3,425,344.25,1995,1995
Os262_M,Os262,Mix,Kurta,0.3,425,344.25,1995,1995
Os262_L,Os262,Mix,Kurta,0.3,425,344.25,1995,1995
Os262_XL,Os262,Mix,Kurta,0.3,425,344.25,1995,1995
Os262_2XL,Os262,Mix,Kurta,0.3,425,344.25,1995,1995
Os262_3XL,Os262,Mix,Kurta,0.3,425,344.25,1995,1995
Os264_S,Os264,Mix,Kurta,0.3,410,332.10,1895,1895
Os264_M,Os264,Mix,Kurta,0.3,410,332.10,1895,1895
Os264_L,Os264,Mix,Kurta,0.3,410,332.10,1895,1895
Os264_XL,Os264,Mix,Kurta,0.3,410,332.10,1895,1895
Os264_2XL,Os264,Mix,Kurta,0.3,410,332.10,1895,1895
Os264_3XL,Os264,Mix,Kurta,0.3,410,332.10,1895,1895
Os265_S,Os265,Mix,Kurta,0.3,410,332.10,1895,1895
Os265_M,Os265,Mix,Kurta,0.3,410,332.10,1895,1895
Os265_L,Os265,Mix,Kurta,0.3,410,332.10,1895,1895
Os265_XL,Os265,Mix,Kurta,0.3,410,332.10,1895,1895
Os265_2XL,Os265,Mix,Kurta,0.3,410,332.10,1895,1895
Os265_3XL,Os265,Mix,Kurta,0.3,410,332.10,1895,1895
Os155_S,Os155,Mix,Kurta,0.3,395,319.95,1895,1895
Os155_M,Os155,Mix,Kurta,0.3,395,319.95,1895,1895
Os155_L,Os155,Mix,Kurta,0.3,395,319.95,1895,1895
Os155_XL,Os155,Mix,Kurta,0.3,395,319.95,1895,1895
Os155_2XL,Os155,Mix,Kurta,0.3,395,319.95,1895,1895
Os155_3XL,Os155,Mix,Kurta,0.3,395,319.95,1895,1895
Os156_S,Os156,Mix,Kurta,0.3,395,319.95,1895,1895
Os156_M,Os156,Mix,Kurta,0.3,395,319.95,1895,1895
Os156_L,Os156,Mix,Kurta,0.3,395,319.95,1895,1895
Os156_XL,Os156,Mix,Kurta,0.3,395,319.95,1895,1895
Os156_2XL,Os156,Mix,Kurta,0.3,395,319.95,1895,1895
Os156_3XL,Os156,Mix,Kurta,0.3,395,319.95,1895,1895
Os166_S,Os166,Mix,Kurta,0.3,395,319.95,1895,1895
Os166_M,Os166,Mix,Kurta,0.3,395,319.95,1895,1895
Os166_L,Os166,Mix,Kurta,0.3,395,319.95,1895,1895
Os166_XL,Os166,Mix,Kurta,0.3,395,319.95,1895,1895
Os166_2XL,Os166,Mix,Kurta,0.3,395,319.95,1895,1895
Os166_3XL,Os166,Mix,Kurta,0.3,395,319.95,1895,1895
Os165_S,Os165,Mix,Kurta,0.3,385,311.85,1895,1895
Os165_M,Os165,Mix,Kurta,0.3,385,311.85,1895,1895
Os165_L,Os165,Mix,Kurta,0.3,385,311.85,1895,1895
Os165_XL,Os165,Mix,Kurta,0.3,385,311.85,1895,1895
Os165_2XL,Os165,Mix,Kurta,0.3,385,311.85,1895,1895
Os165_3XL,Os165,Mix,Kurta,0.3,385,311.85,1895,1895
Os159_S,Os159,Mix,Kurta,0.3,385,311.85,1895,1895
Os159_M,Os159,Mix,Kurta,0.3,385,311.85,1895,1895
Os159_L,Os159,Mix,Kurta,0.3,385,311.85,1895,1895
Os159_XL,Os159,Mix,Kurta,0.3,385,311.85,1895,1895
Os159_2XL,Os159,Mix,Kurta,0.3,385,311.85,1895,1895
Os159_3XL,Os159,Mix,Kurta,0.3,385,311.85,1895,1895
Os268_S,Os268,Mix,Kurta,0.3,220,178.20,1395,1395
Os268_M,Os268,Mix,Kurta,0.3,220,178.20,1395,1395
Os268_L,Os268,Mix,Kurta,0.3,220,178.20,1395,1395
Os268_XL,Os268,Mix,Kurta,0.3,220,178.20,1395,1395
Os268_2XL,Os268,Mix,Kurta,0.3,220,178.20,1395,1395
Os268_3XL,Os268,Mix,Kurta,0.3,220,178.20,1395,1395
Os1073_S,Os1073,Mix,Kurta,0.3,500,405.00,2095,2095
Os1073_M,Os1073,Mix,Kurta,0.3,500,405.00,2095,2095
Os1073_L,Os1073,Mix,Kurta,0.3,500,405.00,2095,2095
Os1073_XL,Os1073,Mix,Kurta,0.3,500,405.00,2095,2095
Os1073_2XL,Os1073,Mix,Kurta,0.3,500,405.00,2095,2095
Os1073_3XL,Os1073,Mix,Kurta,0.3,500,405.00,2095,2095
Os1101_S,Os1101,Surmaya,Kurta Set,0.4,1035,838.35,2295,2295
Os1101_M,Os1101,Surmaya,Kurta Set,0.4,1035,838.35,2295,2295
Os1101_L,Os1101,Surmaya,Kurta Set,0.4,1035,838.35,2295,2295
Os1101_XL,Os1101,Surmaya,Kurta Set,0.4,1035,838.35,2295,2295
Os1101_2XL,Os1101,Surmaya,Kurta Set,0.4,1035,838.35,2295,2295
Os1101_3XL,Os1101,Surmaya,Kurta Set,0.4,1035,838.35,2295,2295
Os1055_S,Os1055,Surmaya,Kurta Set,0.4,975,789.75,2150,2150
Os1055_M,Os1055,Surmaya,Kurta Set,0.4,975,789.75,2150,2150
Os1055_L,Os1055,Surmaya,Kurta Set,0.4,975,789.75,2150,2150
Os1055_XL,Os1055,Surmaya,Kurta Set,0.4,975,789.75,2150,2150
Os1055_2XL,Os1055,Surmaya,Kurta Set,0.4,975,789.75,2150,2150
Os1055_3XL,Os1055,Surmaya,Kurta Set,0.4,975,789.75,2150,2150
Os1147_S,OS1147,Surmaya,Kurta Set,0.4,1150,931.50,2695,2695
Os1147_M,OS1147,Surmaya,Kurta Set,0.4,1150,931.50,2695,2695
Os1147_L,OS1147,Surmaya,Kurta Set,0.4,1150,931.50,2695,2695
Os1147_XL,OS1147,Surmaya,Kurta Set,0.4,1150,931.50,2695,2695
Os1147_2XL,OS1147,Surmaya,Kurta Set,0.4,1150,931.50,2695,2695
Os1147_3XL,OS1147,Surmaya,Kurta Set,0.4,1150,931.50,2695,2695
Os1113_S,Os1113,Surmaya,Kurta Set,0.4,930,753.30,2195,2195
Os1113_M,Os1113,Surmaya,Kurta Set,0.4,930,753.30,2195,2195
Os1113_L,Os1113,Surmaya,Kurta Set,0.4,930,753.30,2195,2195
Os1113_XL,Os1113,Surmaya,Kurta Set,0.4,930,753.30,2195,2195
Os1113_2XL,Os1113,Surmaya,Kurta Set,0.4,930,753.30,2195,2195
Os1113_3XL,Os1113,Surmaya,Kurta Set,0.4,930,753.30,2195,2195
Os1108_S,Os1108,Surmaya,Kurta Set,0.4,780,631.80,1795,1795
Os1108_M,Os1108,Surmaya,Kurta Set,0.4,780,631.80,1795,1795
Os1108_L,Os1108,Surmaya,Kurta Set,0.4,780,631.80,1795,1795
Os1108_XL,Os1108,Surmaya,Kurta Set,0.4,780,631.80,1795,1795
Os1108_2XL,Os1108,Surmaya,Kurta Set,0.4,780,631.80,1795,1795
Os1108_3XL,Os1108,Surmaya,Kurta Set,0.4,780,631.80,1795,1795
Os274_XS,Os274,Mix,Tops,0.2,340,275.40,1695,1695
Os274_S,Os274,Mix,Tops,0.2,340,275.40,1695,1695
Os274_M,Os274,Mix,Tops,0.2,340,275.40,1695,1695
Os274_L,Os274,Mix,Tops,0.2,340,275.40,1695,1695
Os274_XL,Os274,Mix,Tops,0.2,340,275.40,1695,1695
Os143_XS,Os143,Mix,Tops,0.2,425,344.25,1795,1795
Os143_S,Os143,Mix,Tops,0.2,425,344.25,1795,1795
Os143_M,Os143,Mix,Tops,0.2,425,344.25,1795,1795
Os143_L,Os143,Mix,Tops,0.2,425,344.25,1795,1795
Os143_XL,Os143,Mix,Tops,0.2,425,344.25,1795,1795
Os291_S,Os291,Mix,Kurta,0.3,440,356.40,1795,1795
Os291_M,Os291,Mix,Kurta,0.3,440,356.40,1795,1795
Os291_L,Os291,Mix,Kurta,0.3,440,356.40,1795,1795
Os291_XL,Os291,Mix,Kurta,0.3,440,356.40,1795,1795
Os291_2XL,Os291,Mix,Kurta,0.3,440,356.40,1795,1795
Os291_3XL,Os291,Mix,Kurta,0.3,440,356.40,1795,1795
Os1063_S,Os1063,Mix,Kurta,0.3,540,437.40,2395,2395
Os1063_M,Os1063,Mix,Kurta,0.3,540,437.40,2395,2395
Os1063_L,Os1063,Mix,Kurta,0.3,540,437.40,2395,2395
Os1063_XL,Os1063,Mix,Kurta,0.3,540,437.40,2395,2395
Os1063_2XL,Os1063,Mix,Kurta,0.3,540,437.40,2395,2395
Os1063_3XL,Os1063,Mix,Kurta,0.3,540,437.40,2395,2395
Os1075_S,Os1075,Mix,Kurta,0.3,550,445.50,2495,2495
Os1075_M,Os1075,Mix,Kurta,0.3,550,445.50,2495,2495
Os1075_L,Os1075,Mix,Kurta,0.3,550,445.50,2495,2495
Os1075_XL,Os1075,Mix,Kurta,0.3,550,445.50,2495,2495
Os1075_2XL,Os1075,Mix,Kurta,0.3,550,445.50,2495,2495
Os1075_3XL,Os1075,Mix,Kurta,0.3,550,445.50,2495,2495
Os285_XS,Os285,Mix,Tops,0.2,314,254.34,1595,1595
Os285_S,Os285,Mix,Tops,0.2,314,254.34,1595,1595
Os285_M,Os285,Mix,Tops,0.2,314,254.34,1595,1595
Os285_L,Os285,Mix,Tops,0.2,314,254.34,1595,1595
Os285_XL,Os285,Mix,Tops,0.2,314,254.34,1595,1595
Os115_S,Os115,Mix,Kurta,0.3,425,344.25,1995,1995
Os115_M,Os115,Mix,Kurta,0.3,425,344.25,1995,1995
Os115_L,Os115,Mix,Kurta,0.3,425,344.25,1995,1995
Os115_XL,Os115,Mix,Kurta,0.3,425,344.25,1995,1995
Os115_2XL,Os115,Mix,Kurta,0.3,425,344.25,1995,1995
Os115_3XL,Os115,Mix,Kurta,0.3,425,344.25,1995,1995
Os118_S,Os118,Mix,Kurta,0.3,395,319.95,1895,1895
Os118_M,Os118,Mix,Kurta,0.3,395,319.95,1895,1895
Os118_L,Os118,Mix,Kurta,0.3,395,319.95,1895,1895
Os118_XL,Os118,Mix,Kurta,0.3,395,319.95,1895,1895
Os118_2XL,Os118,Mix,Kurta,0.3,395,319.95,1895,1895
Os118_3XL,Os118,Mix,Kurta,0.3,395,319.95,1895,1895
Os125_S,Os125,Mix,Kurta,0.3,450,364.50,2095,2095
Os125_M,Os125,Mix,Kurta,0.3,450,364.50,2095,2095
Os125_L,Os125,Mix,Kurta,0.3,450,364.50,2095,2095
Os125_XL,Os125,Mix,Kurta,0.3,450,364.50,2095,2095
Os125_2XL,Os125,Mix,Kurta,0.3,450,364.50,2095,2095
Os125_3XL,Os125,Mix,Kurta,0.3,450,364.50,2095,2095
Os127_S,Os127,Mix,Kurta,0.3,425,344.25,1995,1995
Os127_M,Os127,Mix,Kurta,0.3,425,344.25,1995,1995
Os127_L,Os127,Mix,Kurta,0.3,425,344.25,1995,1995
Os127_XL,Os127,Mix,Kurta,0.3,425,344.25,1995,1995
Os127_2XL,Os127,Mix,Kurta,0.3,425,344.25,1995,1995
Os127_3XL,Os127,Mix,Kurta,0.3,425,344.25,1995,1995
Os133_S,Os133,Mix,Kurta Set,0.4,790,639.90,3495,3495
Os133_M,Os133,Mix,Kurta Set,0.4,790,639.90,3495,3495
Os133_L,Os133,Mix,Kurta Set,0.4,790,639.90,3495,3495
Os133_XL,Os133,Mix,Kurta Set,0.4,790,639.90,3495,3495
Os133_2XL,Os133,Mix,Kurta Set,0.4,790,639.90,3495,3495
Os133_3XL,Os133,Mix,Kurta Set,0.4,790,639.90,3495,3495
Os134_S,Os134,Mix,Kurta Set,0.4,790,639.90,3495,3495
Os134_M,Os134,Mix,Kurta Set,0.4,790,639.90,3495,3495
Os134_L,Os134,Mix,Kurta Set,0.4,790,639.90,3495,3495
Os134_XL,Os134,Mix,Kurta Set,0.4,790,639.90,3495,3495
Os134_2XL,Os134,Mix,Kurta Set,0.4,790,639.90,3495,3495
Os134_3XL,Os134,Mix,Kurta Set,0.4,790,639.90,3495,3495
Os136_S,Os136,Mix,Gown,0.4,695,562.95,3195,3195
Os136_M,Os136,Mix,Gown,0.4,695,562.95,3195,3195
Os136_L,Os136,Mix,Gown,0.4,695,562.95,3195,3195
Os136_XL,Os136,Mix,Gown,0.4,695,562.95,3195,3195
Os136_2XL,Os136,Mix,Gown,0.4,695,562.95,3195,3195
Os136_3XL,Os136,Mix,Gown,0.4,695,562.95,3195,3195
Os1056_S,Os1056,Surmaya,Kurta Set,0.4,1295,1048.95,5395,5395
Os1056_M,Os1056,Surmaya,Kurta Set,0.4,1295,1048.95,5395,5395
Os1056_L,Os1056,Surmaya,Kurta Set,0.4,1295,1048.95,5395,5395
Os1056_XL,Os1056,Surmaya,Kurta Set,0.4,1295,1048.95,5395,5395
Os1056_2XL,Os1056,Surmaya,Kurta Set,0.4,1295,1048.95,5395,5395
Os1056_3XL,Os1056,Surmaya,Kurta Set,0.4,1295,1048.95,5395,5395
Os1066_S,Os1066,Surmaya,Kurta Set,0.4,1150,931.50,4895,4895
Os1066_M,Os1066,Surmaya,Kurta Set,0.4,1150,931.50,4895,4895
Os1066_L,Os1066,Surmaya,Kurta Set,0.4,1150,931.50,4895,4895
Os1066_XL,Os1066,Surmaya,Kurta Set,0.4,1150,931.50,4895,4895
Os1066_2XL,Os1066,Surmaya,Kurta Set,0.4,1150,931.50,4895,4895
Os1066_3XL,Os1066,Surmaya,Kurta Set,0.4,1150,931.50,4895,4895
Os1103_S,Os1103,Surmaya,Gown,0.4,995,805.95,4295,4295
Os1103_M,Os1103,Surmaya,Gown,0.4,995,805.95,4295,4295
Os1103_L,Os1103,Surmaya,Gown,0.4,995,805.95,4295,4295
Os1103_XL,Os1103,Surmaya,Gown,0.4,995,805.95,4295,4295
Os1103_2XL,Os1103,Surmaya,Gown,0.4,995,805.95,4295,4295
Os1103_3XL,Os1103,Surmaya,Gown,0.4,995,805.95,4295,4295
Os1119_S,Os1119,Surmaya,Kurta Set,0.4,1150,931.50,4895,4895
Os1119_M,Os1119,Surmaya,Kurta Set,0.4,1150,931.50,4895,4895
Os1119_L,Os1119,Surmaya,Kurta Set,0.4,1150,931.50,4895,4895
Os1119_XL,Os1119,Surmaya,Kurta Set,0.4,1150,931.50,4895,4895
Os1119_2XL,Os1119,Surmaya,Kurta Set,0.4,1150,931.50,4895,4895
Os1119_3XL,Os1119,Surmaya,Kurta Set,0.4,1150,931.50,4895,4895
Os287_S,Os287,Mix,Kurta Set,0.4,695,562.95,3495,3495
Os287_M,Os287,Mix,Kurta Set,0.4,695,562.95,3495,3495
Os287_L,Os287,Mix,Kurta Set,0.4,695,562.95,3495,3495
Os287_XL,Os287,Mix,Kurta Set,0.4,695,562.95,3495,3495
Os287_2XL,Os287,Mix,Kurta Set,0.4,695,562.95,3495,3495
Os287_3XL,Os287,Mix,Kurta Set,0.4,695,562.95,3495,3495
Os287KR_S,Os287KR,Mix,Kurta,0.3,425,344.25,2195,2195
Os287KR_M,Os287KR,Mix,Kurta,0.3,425,344.25,2195,2195
Os287KR_L,Os287KR,Mix,Kurta,0.3,425,344.25,2195,2195
Os287KR_XL,Os287KR,Mix,Kurta,0.3,425,344.25,2195,2195
Os287KR_2XL,Os287KR,Mix,Kurta,0.3,425,344.25,2195,2195
Os287KR_3XL,Os287KR,Mix,Kurta,0.3,425,344.25,2195,2195
Os278_S,Os278,Mix,Kurta Set,0.4,650,526.50,3295,3295
Os278_M,Os278,Mix,Kurta Set,0.4,650,526.50,3295,3295
Os278_L,Os278,Mix,Kurta Set,0.4,650,526.50,3295,3295
Os278_XL,Os278,Mix,Kurta Set,0.4,650,526.50,3295,3295
Os278_2XL,Os278,Mix,Kurta Set,0.4,650,526.50,3295,3295
Os278_3XL,Os278,Mix,Kurta Set,0.4,650,526.50,3295,3295
Os278KR_S,Os278KR,Mix,Kurta,0.3,460,372.60,2397,2397
Os278KR_M,Os278KR,Mix,Kurta,0.3,460,372.60,2397,2397
Os278KR_L,Os278KR,Mix,Kurta,0.3,460,372.60,2397,2397
Os278KR_XL,Os278KR,Mix,Kurta,0.3,460,372.60,2397,2397
Os278KR_2XL,Os278KR,Mix,Kurta,0.3,460,372.60,2397,2397
Os278KR_3XL,Os278KR,Mix,Kurta,0.3,460,372.60,2397,2397
Os277_S,Os277,Mix,Kurta Set,0.4,675,546.75,3397,3397
Os277_M,Os277,Mix,Kurta Set,0.4,675,546.75,3397,3397
Os277_L,Os277,Mix,Kurta Set,0.4,675,546.75,3397,3397
Os277_XL,Os277,Mix,Kurta Set,0.4,675,546.75,3397,3397
Os277_2XL,Os277,Mix,Kurta Set,0.4,675,546.75,3397,3397
Os277_3XL,Os277,Mix,Kurta Set,0.4,675,546.75,3397,3397
Os277KR_S,Os277KR,Mix,Kurta,0.3,440,356.40,2295,2295
Os277KR_M,Os277KR,Mix,Kurta,0.3,440,356.40,2295,2295
Os277KR_L,Os277KR,Mix,Kurta,0.3,440,356.40,2295,2295
Os277KR_XL,Os277KR,Mix,Kurta,0.3,440,356.40,2295,2295
Os277KR_2XL,Os277KR,Mix,Kurta,0.3,440,356.40,2295,2295
Os277KR_3XL,Os277KR,Mix,Kurta,0.3,440,356.40,2295,2295
Os276_S,Os276,Mix,Kurta Set,0.4,695,562.95,3495,3495
Os276_M,Os276,Mix,Kurta Set,0.4,695,562.95,3495,3495
Os276_L,Os276,Mix,Kurta Set,0.4,695,562.95,3495,3495
Os276_XL,Os276,Mix,Kurta Set,0.4,695,562.95,3495,3495
Os276_2XL,Os276,Mix,Kurta Set,0.4,695,562.95,3495,3495
Os276_3XL,Os276,Mix,Kurta Set,0.4,695,562.95,3495,3495
Os276KR_S,Os276KR,Mix,Kurta,0.3,490,396.90,2495,2495
Os276KR_M,Os276KR,Mix,Kurta,0.3,490,396.90,2495,2495
Os276KR_L,Os276KR,Mix,Kurta,0.3,490,396.90,2495,2495
Os276KR_XL,Os276KR,Mix,Kurta,0.3,490,396.90,2495,2495
Os276KR_2XL,Os276KR,Mix,Kurta,0.3,490,396.90,2495,2495
Os276KR_3XL,Os276KR,Mix,Kurta,0.3,490,396.90,2495,2495
Os312_S,Os312,Mix,Kurta Set,0.4,635,514.35,Nill,Nill
Os312_M,Os312,Mix,Kurta Set,0.4,635,514.35,Nill,Nill
Os312_L,Os312,Mix,Kurta Set,0.4,635,514.35,Nill,Nill
Os312_XL,Os312,Mix,Kurta Set,0.4,635,514.35,Nill,Nill
Os312_2XL,Os312,Mix,Kurta Set,0.4,635,514.35,Nill,Nill
Os312_3XL,Os312,Mix,Kurta Set,0.4,635,514.35,Nill,Nill
Os312KR_S,Os312KR,Mix,Kurta,0.3,2095,1696.95,Nill,Nill
Os312KR_M,Os312KR,Mix,Kurta,0.3,2095,1696.95,Nill,Nill
Os312KR_L,Os312KR,Mix,Kurta,0.3,2095,1696.95,Nill,Nill
Os312KR_XL,Os312KR,Mix,Kurta,0.3,2095,1696.95,Nill,Nill
Os312KR_2XL,Os312KR,Mix,Kurta,0.3,2095,1696.95,Nill,Nill
Os312KR_3XL,Os312KR,Mix,Kurta,0.3,2095,1696.95,Nill,Nill
Os309_S,Os309,Mix,Kurta,0.3,415,336.15,2097,2097
Os309_M,Os309,Mix,Kurta,0.3,415,336.15,2097,2097
Os309_L,Os309,Mix,Kurta,0.3,415,336.15,2097,2097
Os309_XL,Os309,Mix,Kurta,0.3,415,336.15,2097,2097
Os309_2XL,Os309,Mix,Kurta,0.3,415,336.15,2097,2097
Os309_3XL,Os309,Mix,Kurta,0.3,415,336.15,2097,2097
Os280_S,Os280,Mix,Kurta Set,0.4,650,526.50,3297,3297
Os280_M,Os280,Mix,Kurta Set,0.4,650,526.50,3297,3297
Os280_L,Os280,Mix,Kurta Set,0.4,650,526.50,3297,3297
Os280_XL,Os280,Mix,Kurta Set,0.4,650,526.50,3297,3297
Os280_2XL,Os280,Mix,Kurta Set,0.4,650,526.50,3297,3297
Os280_3XL,Os280,Mix,Kurta Set,0.4,650,526.50,3297,3297
Os280KR_S,Os280KR,Mix,Kurta,0.3,425,344.25,2195,2195
Os280KR_M,Os280KR,Mix,Kurta,0.3,425,344.25,2195,2195
Os280KR_L,Os280KR,Mix,Kurta,0.3,425,344.25,2195,2195
Os280KR_XL,Os280KR,Mix,Kurta,0.3,425,344.25,2195,2195
Os280KR_2XL,Os280KR,Mix,Kurta,0.3,425,344.25,2195,2195
Os280KR_3XL,Os280KR,Mix,Kurta,0.3,425,344.25,2195,2195
Os279_S,Os279,Mix,Kurta Set,0.4,625,506.25,3197,3197
Os279_M,Os279,Mix,Kurta Set,0.4,625,506.25,3197,3197
Os279_L,Os279,Mix,Kurta Set,0.4,625,506.25,3197,3197
Os279_XL,Os279,Mix,Kurta Set,0.4,625,506.25,3197,3197
Os279_2XL,Os279,Mix,Kurta Set,0.4,625,506.25,3197,3197
Os279_3XL,Os279,Mix,Kurta Set,0.4,625,506.25,3197,3197
Os279KR_S,Os279KR,Mix,Kurta,0.3,400,324.00,Nill,Nill
Os279KR_M,Os279KR,Mix,Kurta,0.3,400,324.00,Nill,Nill
Os279KR_L,Os279KR,Mix,Kurta,0.3,400,324.00,Nill,Nill
Os279KR_XL,Os279KR,Mix,Kurta,0.3,400,324.00,Nill,Nill
Os279KR_2XL,Os279KR,Mix,Kurta,0.3,400,324.00,Nill,Nill
Os279KR_3XL,Os279KR,Mix,Kurta,0.3,400,324.00,Nill,Nill
Os283_S,Os283,Mix,Kurta,0.3,425,344.25,2197,2197
Os283_M,Os283,Mix,Kurta,0.3,425,344.25,2197,2197
Os283_L,Os283,Mix,Kurta,0.3,425,344.25,2197,2197
Os283_XL,Os283,Mix,Kurta,0.3,425,344.25,2197,2197
Os283_2XL,Os283,Mix,Kurta,0.3,425,344.25,2197,2197
Os283_3XL,Os283,Mix,Kurta,0.3,425,344.25,2197,2197
Os294_S,Os294,Mix,Kurta Set,0.4,595,481.95,2975,2975
Os294_M,Os294,Mix,Kurta Set,0.4,595,481.95,2975,2975
Os294_L,Os294,Mix,Kurta Set,0.4,595,481.95,2975,2975
Os294_XL,Os294,Mix,Kurta Set,0.4,595,481.95,2975,2975
Os294_2XL,Os294,Mix,Kurta Set,0.4,595,481.95,2975,2975
Os294_3XL,Os294,Mix,Kurta Set,0.4,595,481.95,2975,2975
Os294KR_S,Os294KR,Mix,Kurta,0.3,410,332.10,2095,2095
Os294KR_M,Os294KR,Mix,Kurta,0.3,410,332.10,2095,2095
Os294KR_L,Os294KR,Mix,Kurta,0.3,410,332.10,2095,2095
Os294KR_XL,Os294KR,Mix,Kurta,0.3,410,332.10,2095,2095
Os294KR_2XL,Os294KR,Mix,Kurta,0.3,410,332.10,2095,2095
Os294KR_3XL,Os294KR,Mix,Kurta,0.3,410,332.10,2095,2095
Os307_S,Os307,Mix,Kurta Set,0.4,650,526.50,3297,3297
Os307_M,Os307,Mix,Kurta Set,0.4,650,526.50,3297,3297
Os307_L,Os307,Mix,Kurta Set,0.4,650,526.50,3297,3297
Os307_XL,Os307,Mix,Kurta Set,0.4,650,526.50,3297,3297
Os307_2XL,Os307,Mix,Kurta Set,0.4,650,526.50,3297,3297
Os307_3XL,Os307,Mix,Kurta Set,0.4,650,526.50,3297,3297
Os307KR_S,Os307KR,Mix,Kurta,0.3,425,344.25,2195,2195
Os307KR_M,Os307KR,Mix,Kurta,0.3,425,344.25,2195,2195
Os307KR_L,Os307KR,Mix,Kurta,0.3,425,344.25,2195,2195
Os307KR_XL,Os307KR,Mix,Kurta,0.3,425,344.25,2195,2195
Os307KR_2XL,Os307KR,Mix,Kurta,0.3,425,344.25,2195,2195
Os307KR_3XL,Os307KR,Mix,Kurta,0.3,425,344.25,2195,2195
Os311_S,Os311,Mix,Kurta Set,0.4,599,485.19,Nill,Nill
Os311_M,Os311,Mix,Kurta Set,0.4,599,485.19,Nill,Nill
Os311_L,Os311,Mix,Kurta Set,0.4,599,485.19,Nill,Nill
Os311_XL,Os311,Mix,Kurta Set,0.4,599,485.19,Nill,Nill
Os311_2XL,Os311,Mix,Kurta Set,0.4,599,485.19,Nill,Nill
Os311_3XL,Os311,Mix,Kurta Set,0.4,599,485.19,Nill,Nill
Os311KR_S,Os311KR,Mix,Kurta,0.3,485,392.85,Nill,Nill
Os311KR_M,Os311KR,Mix,Kurta,0.3,485,392.85,Nill,Nill
Os311KR_L,Os311KR,Mix,Kurta,0.3,485,392.85,Nill,Nill
Os311KR_XL,Os311KR,Mix,Kurta,0.3,485,392.85,Nill,Nill
Os311KR_2XL,Os311KR,Mix,Kurta,0.3,485,392.85,Nill,Nill
Os311KR_3XL,Os311KR,Mix,Kurta,0.3,485,392.85,Nill,Nill
Os303_S,Os303,Mix,Kurta,0.3,415,336.15,2097,2097
Os303_M,Os303,Mix,Kurta,0.3,415,336.15,2097,2097
Os303_L,Os303,Mix,Kurta,0.3,415,336.15,2097,2097
Os303_XL,Os303,Mix,Kurta,0.3,415,336.15,2097,2097
Os303_2XL,Os303,Mix,Kurta,0.3,415,336.15,2097,2097
Os303_3XL,Os303,Mix,Kurta,0.3,415,336.15,2097,2097
Os282_S,Os282,Mix,Kurta Set,0.4,640,518.40,3197,3197
Os282_M,Os282,Mix,Kurta Set,0.4,640,518.40,3197,3197
Os282_L,Os282,Mix,Kurta Set,0.4,640,518.40,3197,3197
Os282_XL,Os282,Mix,Kurta Set,0.4,640,518.40,3197,3197
Os282_2XL,Os282,Mix,Kurta Set,0.4,640,518.40,3197,3197
Os282_3XL,Os282,Mix,Kurta Set,0.4,640,518.40,3197,3197
Os282KR_S,Os282KR,Mix,Kurta,0.3,415,336.15,2095,2095
Os282KR_M,Os282KR,Mix,Kurta,0.3,415,336.15,2095,2095
Os282KR_L,Os282KR,Mix,Kurta,0.3,415,336.15,2095,2095
Os282KR_XL,Os282KR,Mix,Kurta,0.3,415,336.15,2095,2095
Os282KR_2XL,Os282KR,Mix,Kurta,0.3,415,336.15,2095,2095
Os282KR_3XL,Os282KR,Mix,Kurta,0.3,415,336.15,2095,2095
Os290_S,Os290,Mix,Kurta Set,0.4,625,506.25,3195,3195
Os290_M,Os290,Mix,Kurta Set,0.4,625,506.25,3195,3195
Os290_L,Os290,Mix,Kurta Set,0.4,625,506.25,3195,3195
Os290_XL,Os290,Mix,Kurta Set,0.4,625,506.25,3195,3195
Os290_2XL,Os290,Mix,Kurta Set,0.4,625,506.25,3195,3195
Os290_3XL,Os290,Mix,Kurta Set,0.4,625,506.25,3195,3195
Os290KR_S,Os290KR,Mix,Kurta,0.3,400,324.00,2097,2097
Os290KR_M,Os290KR,Mix,Kurta,0.3,400,324.00,2097,2097
Os290KR_L,Os290KR,Mix,Kurta,0.3,400,324.00,2097,2097
Os290KR_XL,Os290KR,Mix,Kurta,0.3,400,324.00,2097,2097
Os290KR_2XL,Os290KR,Mix,Kurta,0.3,400,324.00,2097,2097
Os290KR_3XL,Os290KR,Mix,Kurta,0.3,400,324.00,2097,2097
Os289_S,Os289,Mix,Kurta Set,0.4,615,498.15,3095,3095
Os289_M,Os289,Mix,Kurta Set,0.4,615,498.15,3095,3095
Os289_L,Os289,Mix,Kurta Set,0.4,615,498.15,3095,3095
Os289_XL,Os289,Mix,Kurta Set,0.4,615,498.15,3095,3095
Os289_2XL,Os289,Mix,Kurta Set,0.4,615,498.15,3095,3095
Os289_3XL,Os289,Mix,Kurta Set,0.4,615,498.15,3095,3095
Os289KR_S,Os289KR,Mix,Kurta,0.3,425,344.25,2195,2195
Os289KR_M,Os289KR,Mix,Kurta,0.3,425,344.25,2195,2195
Os289KR_L,Os289KR,Mix,Kurta,0.3,425,344.25,2195,2195
Os289KR_XL,Os289KR,Mix,Kurta,0.3,425,344.25,2195,2195
Os289KR_2XL,Os289KR,Mix,Kurta,0.3,425,344.25,2195,2195
Os289KR_3XL,Os289KR,Mix,Kurta,0.3,425,344.25,2195,2195
Os1041_S,Os1041,Mix,Kurta Set,0.4,#VALUE!,#VALUE!,Nill,Nill
Os1041_M,Os1041,Mix,Kurta Set,0.4,#VALUE!,#VALUE!,Nill,Nill
Os1041_L,Os1041,Mix,Kurta Set,0.4,#VALUE!,#VALUE!,Nill,Nill
Os1041_XL,Os1041,Mix,Kurta Set,0.4,#VALUE!,#VALUE!,Nill,Nill
Os1041_2XL,Os1041,Mix,Kurta Set,0.4,#VALUE!,#VALUE!,Nill,Nill
Os1041_3XL,Os1041,Mix,Kurta Set,0.4,#VALUE!,#VALUE!,Nill,Nill
Os1109_M,Os1109,Mix,Kurta Set,0.4,1195,967.95,5997,5997
Os1109_L,Os1109,Mix,Kurta Set,0.4,1195,967.95,5997,5997
Os1109_XL,Os1109,Mix,Kurta Set,0.4,1195,967.95,5997,5997
Os1109_2XL,Os1109,Mix,Kurta Set,0.4,1195,967.95,5997,5997
IRIS_1413_2XL,IRIS_1413,Nill,Nill,Nill,818,662.58,2494,2494
OS1010_XL,OS1010,Nill,Nill,Nill,1044,845.64,4099,4099
HASTAG-1194_L,HASTAG-1194,Nill,Nill,Nill,795,643.95,2449,2449
PETALS-1232_3XL,PETALS-1232,Nill,Nill,Nill,1395,1129.95,4049,4049
PETALS-1232_L,PETALS-1232,Nill,Nill,Nill,1395,1129.95,4049,4049
PETALS-1232_2XL,PETALS-1232,Nill,Nill,Nill,1395,1129.95,4049,4049
PETALS-1232_XL,PETALS-1232,Nill,Nill,Nill,1395,1129.95,4049,4049
PETALS-1232_M,PETALS-1232,Nill,Nill,Nill,1395,1129.95,4049,4049
SILVER3-1293-L,SILVER3-1293,Nill,Nill,Nill,895,724.95,3149,3149
OS1125_L,OS1125,Nill,Nill,Nill,625,506.25,2449,2449
GOLD-1352_XL,GOLD-1352,Nill,Nill,Nill,1165,943.65,4549,4549
GOLD-1352_2XL,GOLD-1352,Nill,Nill,Nill,1165,943.65,4549,4549
GOLD-1351_M,GOLD-1351,Nill,Nill,Nill,1165,943.65,4549,4549
GOLD-1351_L,GOLD-1351,Nill,Nill,Nill,1165,943.65,4549,4549
HASTAG-1193_2XL,HASTAG-1193,Nill,Nill,Nill,795,643.95,2449,2449
3pl reusable cotton mask - Pack of 5,3pl reusable cotton mask,Nill,Nill,Nill,150,121.50,299,299
3pl Cottom Face Mask Pack of 3,3pl Cottom Face Mask,Nill,Nill,Nill,100,81.00,199,199
FOUR GEMS-2,FOUR GEMS-2,Nill,Nill,Nill,899,728.19,1695,1695
PLATINUM,PLATINUM,Nill,Nill,Nill,699,566.19,1695,1695
Os198_5045_XS,Os198_5045,Colors-7,Kurta,0.3,381,308.61,1538,1595
Os192_1124_XS,Os192_1124,Mix,Kurta,0.3,570,461.70,2298,2295
OS-1029,OS-1029,Nill,Nill,Nill,2095,1696.95,Nill,Nill
SILVER3-1296-2XL,SILVER3-1296,Nill,Nill,Nill,895,724.95,3149,3149
SILVER3-1293-2XL,SILVER3-1293,Nill,Nill,Nill,895,724.95,3149,3149
COPPER-1276,COPPER-1276,Nill,Nill,Nill,995,805.95,3499,3499
PETALS-1233-XL,PETALS-1233,Nill,Nill,Nill,1395,1129.95,4049,4049
MASK-04A-NEW,MASK-04A-NEW,Nill,Nill,Nill,126,102.06,299,299
MASK-08-NEW,MASK-08-NEW,Nill,Nill,Nill,252,204.12,499,499
MASK-04B-NEW,MASK-04B-NEW,Nill,Nill,Nill,126,102.06,299,299
Os4172_XS,Os4172,Nill,Nill,Nill,500,405.00,1995,1995
Os275_3XL,Os275,Mix,Kurta,0.3,425,344.25,2195,2195
PETALS-1236_L,PETALS-1236,Nill,Nill,Nill,1395,1129.95,4899,4899
MIRROR-1328_L,MIRROR-1328,Nill,Nill,Nill,806,652.86,3149,3149
MIRROR-1326_L,MIRROR-1326,Nill,Nill,Nill,859,695.79,3149,3149
Os308_L,Os308,Mix,Kurta Set,0.4,615,498.15,2195,2195
Os275_M,Os275,Mix,Kurta,0.3,425,344.25,2195,2195
IVORY_1421_3XL,IVORY_1421,Nill,Nill,Nill,818,662.58,2494,2494
OsKR167_XS,OsKR167,Nill,Nill,Nill,395,319.95,1695,1695
OsKR167_S,OsKR167,Nill,Nill,Nill,395,319.95,1695,1695
OsKR167_M,OsKR167,Nill,Nill,Nill,395,319.95,1695,1695
OsKR167_L,OsKR167,Nill,Nill,Nill,395,319.95,1695,1695
OsKR167_XL,OsKR167,Nill,Nill,Nill,395,319.95,1695,1695
OsKR167_2XL,OsKR167,Nill,Nill,Nill,395,319.95,1695,1695
OsKR167_3XL,OsKR167,Nill,Nill,Nill,395,319.95,1695,1695
OsKR266_XS,OsKR266,Nill,Nill,Nill,425,344.25,1995,1995
OsKR266_S,OsKR266,Nill,Nill,Nill,425,344.25,1995,1995
OsKR266_M,OsKR266,Nill,Nill,Nill,425,344.25,1995,1995
OsKR266_L,OsKR266,Nill,Nill,Nill,425,344.25,1995,1995
OsKR266_XL,OsKR266,Nill,Nill,Nill,425,344.25,1995,1995
OsKR266_2XL,OsKR266,Nill,Nill,Nill,425,344.25,1995,1995
OsKR266_3XL,OsKR266,Nill,Nill,Nill,425,344.25,1995,1995
OsKR169_XS,OsKR169,Nill,Nill,Nill,435,352.35,1795,1795
OsKR169_S,OsKR169,Nill,Nill,Nill,435,352.35,1795,1795
OsKR169_M,OsKR169,Nill,Nill,Nill,435,352.35,1795,1795
OsKR169_L,OsKR169,Nill,Nill,Nill,435,352.35,1795,1795
OsKR169_XL,OsKR169,Nill,Nill,Nill,435,352.35,1795,1795
OsKR169_2XL,OsKR169,Nill,Nill,Nill,435,352.35,1795,1795
OsKR169_3XL,OsKR169,Nill,Nill,Nill,435,352.35,1795,1795
IVORY_1426_XL,IVORY_1426,Nill,Nill,Nill,818,662.58,2494,2494
Os275_L,Os275,Mix,Kurta,0.3,425,344.25,2195,2195
GOLD-1353_L,GOLD-1353,Nill,Nill,Nill,1165,943.65,4549,4549
BIG CHECKS - 1 BAG_XL,BIG CHECKS - 1 BAG,Nill,Nill,Nill,630.5,510.70,630.5,630.5
TULIP - 1 BAG_L,TULIP - 1 BAG,Nill,Nill,Nill,498,403.38,498,498
Os308_3XL,Os308,Mix,Kurta Set,0.4,615,498.15,2195,2195
Raag-1365_XL,Raag-1365,Nill,Nill,Nill,1523,1233.63,1523,1523
MIRROR - 1 BAG_L,MIRROR - 1 BAG,Nill,Nill,Nill,733.95,594.50,733.95,733.95
Os163_2XLL,Os163,Mix,Kurta,0.3,425,344.25,1995,1995
Os160_MM,Os160,Mix,Kurta,0.3,424,343.44,2240,1695
MIRROR-1326_M,MIRROR-1326,Nill,Nill,Nill,859,695.79,3149,3149
IRIS_1416_3XL,IRIS_1416,Nill,Nill,Nill,818,662.58,2494,2494
IRIS_1417_XL,IRIS_1417,Nill,Nill,Nill,818,662.58,2494,2494
IRIS_1418_2XL,IRIS_1418,Nill,Nill,Nill,818,662.58,2494,2494
IRIS_1418_3XL,IRIS_1418,Nill,Nill,Nill,818,662.58,2494,2494
IRIS_1418_M,IRIS_1418,Nill,Nill,Nill,818,662.58,2494,2494
IVORY_1423_2XL,IVORY_1423,Nill,Nill,Nill,818,662.58,2494,2494
IVORY_1426_2XL,IVORY_1426,Nill,Nill,Nill,818,662.58,2494,2494
IVORY-1421_XL,IVORY-1421,Nill,Nill,Nill,818,662.58,2494,2494
IVORY-1423_2XL,IVORY-1423,Nill,Nill,Nill,818,662.58,2494,2494
IVORY-1424_3XL,IVORY-1424,Nill,Nill,Nill,818,662.58,2494,2494
IVORY-1426_L,IVORY-1426,Nill,Nill,Nill,818,662.58,2494,2494
IVORY-1426_M,IVORY-1426,Nill,Nill,Nill,818,662.58,2494,2494
IVORY-1426_XL,IVORY-1426,Nill,Nill,Nill,818,662.58,2494,2494
Os160_XS,Os160,Mix,Kurta,0.3,424,343.44,2240,1695
Os326_XS,Os326,Mix,Kurta,0.3,467,378.27,1878,1995
Os326_S,Os326,Mix,Kurta,0.3,467,378.27,1878,1995
Os326_M,Os326,Mix,Kurta,0.3,467,378.27,1878,1995
Os326_L,Os326,Mix,Kurta,0.3,467,378.27,1878,1995
Os326_XL,Os326,Mix,Kurta,0.3,467,378.27,1878,1995
Os326_2XL,Os326,Mix,Kurta,0.3,467,378.27,1878,1995
Os326_3XL,Os326,Mix,Kurta,0.3,467,378.27,1878,1995
